id,student1Id,student2Id,since
1,1,37,2017-03-21
2,1,322,2018-12-07
3,1,178,2011-02-22
4,1,229,2012-10-06
5,1,265,2017-01-28
6,1,38,2010-05-18
7,1,324,2017-11-03
8,1,296,2016-08-28
9,1,112,2013-01-18
10,1,149,2012-08-27
11,2,329,2016-04-22
12,2,142,2013-09-04
13,2,184,2017-06-20
14,2,247,2017-05-25
15,2,2,2014-09-25
16,2,146,2011-08-01
17,2,143,2017-09-16
18,2,239,2018-05-27
19,2,276,2017-11-04
20,2,321,2011-03-14
21,3,323,2016-06-06
22,3,5,2013-07-28
23,3,240,2011-04-16
24,3,141,2014-03-11
25,3,18,2012-10-30
26,3,22,2013-12-19
27,3,206,2013-01-14
28,3,85,2011-11-13
29,3,104,2018-04-02
30,3,231,2015-04-01
31,4,279,2011-09-16
32,4,162,2013-03-12
33,4,1,2010-04-06
34,4,233,2013-11-23
35,4,319,2012-05-08
36,4,33,2017-02-17
37,4,63,2011-03-07
38,4,203,2013-02-19
39,4,350,2013-03-15
40,4,28,2016-02-24
41,5,334,2016-02-28
42,5,370,2010-08-20
43,5,368,2017-10-29
44,5,97,2011-07-24
45,5,208,2010-09-08
46,5,216,2014-01-21
47,5,231,2011-11-05
48,5,137,2016-05-10
49,5,114,2012-03-19
50,5,286,2014-09-05
51,6,277,2011-11-22
52,6,234,2018-07-27
53,6,208,2011-05-30
54,6,6,2014-10-31
55,6,166,2014-07-12
56,6,317,2015-01-27
57,6,223,2012-01-18
58,6,62,2016-04-29
59,6,166,2012-12-09
60,6,194,2013-05-05
61,7,327,2012-06-27
62,7,291,2010-10-08
63,7,51,2013-01-06
64,7,104,2013-04-27
65,7,281,2012-09-06
66,7,59,2012-08-20
67,7,51,2011-10-07
68,7,154,2017-02-08
69,7,65,2011-02-12
70,7,88,2018-08-20
71,8,247,2011-02-21
72,8,112,2011-04-14
73,8,145,2013-06-14
74,8,172,2011-08-18
75,8,211,2015-06-29
76,8,347,2013-07-29
77,8,352,2016-01-15
78,8,34,2018-09-29
79,8,2,2015-10-16
80,8,339,2013-07-11
81,9,195,2010-05-16
82,9,91,2011-07-10
83,9,113,2016-04-10
84,9,338,2018-03-23
85,9,283,2015-11-22
86,9,63,2012-08-30
87,9,185,2011-03-31
88,9,190,2011-11-14
89,9,171,2013-06-17
90,9,343,2017-01-03
91,10,259,2010-05-08
92,10,246,2013-10-11
93,10,359,2012-08-04
94,10,360,2010-03-24
95,10,239,2017-12-15
96,10,189,2012-05-25
97,10,104,2016-03-16
98,10,49,2013-01-25
99,10,89,2017-04-02
100,10,141,2015-03-23
101,11,37,2016-04-05
102,11,168,2017-02-04
103,11,222,2010-03-31
104,11,131,2015-05-03
105,11,61,2010-11-12
106,11,55,2014-10-31
107,11,72,2016-06-20
108,11,95,2018-12-04
109,11,73,2016-05-11
110,11,282,2011-03-22
111,12,361,2015-01-29
112,12,276,2017-07-05
113,12,274,2013-03-17
114,12,46,2016-04-29
115,12,271,2014-12-15
116,12,173,2011-09-10
117,12,263,2017-04-07
118,12,369,2012-09-13
119,12,255,2014-06-22
120,12,314,2018-10-13
121,13,13,2015-08-25
122,13,307,2013-11-08
123,13,114,2018-04-24
124,13,388,2011-03-07
125,13,90,2012-08-16
126,13,187,2017-02-27
127,13,41,2010-09-09
128,13,218,2011-09-14
129,13,236,2014-02-07
130,13,198,2014-08-24
131,14,5,2010-05-27
132,14,351,2011-01-20
133,14,335,2014-11-18
134,14,181,2013-08-31
135,14,253,2013-06-13
136,14,337,2014-09-17
137,14,8,2015-03-08
138,14,250,2010-01-23
139,14,209,2018-08-17
140,14,100,2012-01-27
141,15,106,2017-11-17
142,15,13,2014-01-26
143,15,34,2018-12-27
144,15,308,2018-12-22
145,15,209,2012-11-26
146,15,2,2017-02-08
147,15,348,2013-12-16
148,15,361,2011-12-12
149,15,353,2013-02-15
150,15,167,2010-07-03
151,16,152,2013-02-25
152,16,320,2016-12-05
153,16,250,2015-06-21
154,16,340,2014-05-29
155,16,183,2013-09-09
156,16,397,2018-04-18
157,16,385,2017-11-06
158,16,29,2011-06-22
159,16,257,2016-09-04
160,16,323,2017-03-27
161,17,342,2014-12-12
162,17,75,2011-07-21
163,17,240,2011-06-21
164,17,135,2016-07-10
165,17,61,2013-09-03
166,17,202,2014-09-18
167,17,340,2015-11-17
168,17,245,2013-04-12
169,17,219,2018-04-03
170,17,178,2012-04-05
171,18,105,2010-05-09
172,18,25,2014-02-18
173,18,282,2018-10-28
174,18,81,2016-01-25
175,18,294,2011-11-17
176,18,347,2015-06-26
177,18,135,2015-06-13
178,18,163,2013-07-16
179,18,344,2014-10-26
180,18,43,2011-04-25
181,19,367,2013-09-15
182,19,58,2011-11-30
183,19,139,2016-10-03
184,19,164,2012-01-28
185,19,161,2015-11-23
186,19,5,2016-02-19
187,19,278,2016-05-08
188,19,7,2018-12-28
189,19,89,2015-04-18
190,19,387,2018-05-03
191,20,41,2015-06-15
192,20,341,2018-06-27
193,20,368,2012-10-08
194,20,362,2010-08-06
195,20,177,2011-11-05
196,20,236,2016-07-13
197,20,7,2010-01-29
198,20,241,2014-07-20
199,20,73,2018-03-06
200,20,144,2016-06-17
201,21,91,2011-03-19
202,21,383,2016-03-06
203,21,272,2012-02-20
204,21,306,2013-01-19
205,21,272,2018-09-15
206,21,97,2013-06-01
207,21,150,2012-07-30
208,21,324,2013-03-21
209,21,235,2012-05-27
210,21,56,2015-10-31
211,22,359,2015-03-10
212,22,145,2015-08-16
213,22,133,2013-03-11
214,22,293,2010-05-29
215,22,327,2010-11-26
216,22,61,2017-06-21
217,22,39,2014-08-25
218,22,399,2010-11-10
219,22,174,2014-06-04
220,22,215,2013-09-27
221,23,45,2012-11-16
222,23,391,2011-11-14
223,23,346,2016-05-11
224,23,226,2011-05-23
225,23,163,2014-09-17
226,23,109,2013-10-04
227,23,280,2016-04-07
228,23,293,2016-03-07
229,23,194,2010-08-20
230,23,312,2014-07-29
231,24,333,2011-12-03
232,24,125,2011-08-08
233,24,387,2016-12-05
234,24,171,2015-01-13
235,24,334,2014-12-24
236,24,246,2012-06-23
237,24,336,2011-12-14
238,24,383,2017-01-06
239,24,14,2017-05-02
240,24,297,2013-03-17
241,25,44,2016-01-29
242,25,197,2016-11-24
243,25,396,2013-06-16
244,25,298,2018-05-20
245,25,258,2011-02-11
246,25,383,2018-10-16
247,25,146,2017-01-11
248,25,192,2010-09-28
249,25,79,2015-02-24
250,25,130,2011-02-28
251,26,296,2015-02-16
252,26,77,2013-04-24
253,26,176,2012-01-20
254,26,288,2017-09-24
255,26,168,2016-11-22
256,26,258,2013-03-03
257,26,281,2013-03-02
258,26,39,2013-01-07
259,26,240,2010-05-19
260,26,197,2016-04-29
261,27,116,2011-12-25
262,27,238,2016-03-01
263,27,38,2016-06-15
264,27,81,2017-10-26
265,27,293,2014-06-26
266,27,55,2013-09-14
267,27,321,2018-03-01
268,27,173,2010-02-22
269,27,277,2017-03-26
270,27,263,2013-10-20
271,28,398,2015-02-20
272,28,201,2012-03-13
273,28,2,2015-10-29
274,28,386,2010-01-07
275,28,367,2013-08-04
276,28,41,2016-12-01
277,28,198,2017-11-15
278,28,187,2017-03-16
279,28,237,2012-07-01
280,28,69,2012-07-03
281,29,183,2010-04-18
282,29,267,2012-05-29
283,29,16,2011-11-02
284,29,343,2010-11-22
285,29,275,2015-04-30
286,29,119,2018-07-27
287,29,198,2014-01-31
288,29,69,2011-08-20
289,29,217,2018-05-08
290,29,34,2018-03-24
291,30,80,2013-12-03
292,30,142,2013-04-03
293,30,372,2017-07-23
294,30,366,2011-11-09
295,30,99,2013-09-23
296,30,91,2016-09-15
297,30,323,2010-07-14
298,30,78,2014-06-23
299,30,326,2016-09-05
300,30,140,2017-01-31
301,31,76,2017-11-01
302,31,229,2010-12-18
303,31,99,2014-02-07
304,31,49,2015-07-29
305,31,133,2010-08-28
306,31,257,2013-05-08
307,31,266,2018-08-16
308,31,150,2015-11-16
309,31,396,2016-08-22
310,31,215,2016-09-15
311,32,189,2014-07-02
312,32,231,2012-07-12
313,32,268,2017-09-30
314,32,121,2010-07-19
315,32,68,2015-07-25
316,32,153,2012-04-25
317,32,365,2017-04-27
318,32,397,2017-03-26
319,32,383,2011-04-06
320,32,235,2018-04-13
321,33,16,2018-11-14
322,33,209,2012-09-25
323,33,364,2018-08-11
324,33,159,2011-11-14
325,33,399,2015-02-17
326,33,351,2017-05-21
327,33,156,2011-12-06
328,33,219,2015-08-01
329,33,372,2015-02-19
330,33,137,2018-10-28
331,34,243,2016-07-10
332,34,138,2010-11-14
333,34,267,2012-04-06
334,34,95,2010-07-04
335,34,132,2013-09-10
336,34,320,2016-11-12
337,34,228,2016-04-04
338,34,60,2014-08-02
339,34,285,2016-07-03
340,34,361,2016-03-29
341,35,284,2014-06-09
342,35,368,2012-02-12
343,35,105,2010-06-14
344,35,44,2015-06-09
345,35,12,2012-06-19
346,35,14,2011-02-21
347,35,387,2017-12-14
348,35,2,2015-06-16
349,35,180,2010-05-26
350,35,303,2015-03-21
351,36,382,2014-11-03
352,36,177,2017-12-22
353,36,140,2017-09-04
354,36,311,2013-11-30
355,36,46,2017-11-09
356,36,238,2012-09-02
357,36,242,2014-08-26
358,36,193,2017-02-08
359,36,195,2010-06-11
360,36,265,2011-12-14
361,37,72,2011-06-21
362,37,75,2015-07-04
363,37,190,2015-10-04
364,37,42,2017-02-19
365,37,147,2013-04-17
366,37,387,2018-09-21
367,37,38,2014-11-06
368,37,315,2015-08-11
369,37,344,2011-04-14
370,37,175,2017-01-03
371,38,387,2015-07-04
372,38,20,2013-12-05
373,38,281,2010-05-18
374,38,55,2015-06-07
375,38,354,2015-12-20
376,38,33,2016-08-02
377,38,34,2013-07-12
378,38,377,2012-12-15
379,38,243,2015-08-15
380,38,218,2013-01-01
381,39,262,2012-10-22
382,39,91,2018-06-18
383,39,43,2010-02-17
384,39,179,2018-10-30
385,39,47,2017-10-31
386,39,381,2016-06-15
387,39,266,2015-02-28
388,39,17,2013-09-26
389,39,6,2017-04-27
390,39,208,2011-10-28
391,40,214,2015-12-20
392,40,231,2010-02-01
393,40,38,2018-12-21
394,40,139,2018-08-11
395,40,285,2015-12-24
396,40,148,2016-02-10
397,40,54,2013-08-26
398,40,68,2018-12-12
399,40,276,2011-09-19
400,40,371,2017-12-27
401,41,190,2017-06-24
402,41,313,2011-09-24
403,41,12,2012-07-23
404,41,194,2015-09-06
405,41,369,2018-05-29
406,41,67,2013-12-31
407,41,228,2018-08-21
408,41,244,2013-07-10
409,41,171,2012-05-09
410,41,56,2013-05-13
411,42,130,2018-07-07
412,42,43,2013-12-31
413,42,223,2012-11-08
414,42,355,2010-08-05
415,42,338,2018-05-20
416,42,265,2017-04-17
417,42,130,2016-09-01
418,42,125,2014-05-24
419,42,67,2018-06-22
420,42,379,2017-06-15
421,43,248,2016-10-25
422,43,242,2017-05-23
423,43,296,2011-10-07
424,43,273,2016-02-06
425,43,178,2011-02-22
426,43,319,2013-06-14
427,43,104,2015-05-20
428,43,107,2011-10-26
429,43,61,2018-02-26
430,43,326,2018-07-21
431,44,229,2018-09-25
432,44,351,2011-03-18
433,44,49,2013-10-23
434,44,225,2018-03-04
435,44,398,2016-08-11
436,44,30,2017-12-21
437,44,212,2010-03-08
438,44,189,2017-12-19
439,44,391,2011-02-07
440,44,163,2011-08-19
441,45,345,2011-09-10
442,45,69,2018-04-08
443,45,189,2016-07-16
444,45,237,2014-04-15
445,45,114,2010-03-03
446,45,209,2010-02-22
447,45,329,2015-04-04
448,45,259,2017-02-12
449,45,201,2018-11-22
450,45,174,2011-02-22
451,46,287,2010-06-13
452,46,167,2014-08-08
453,46,33,2017-12-17
454,46,25,2010-12-21
455,46,27,2013-10-04
456,46,223,2016-12-30
457,46,248,2012-09-22
458,46,83,2010-04-05
459,46,213,2014-08-10
460,46,245,2017-06-29
461,47,249,2013-06-09
462,47,295,2015-06-06
463,47,138,2010-09-11
464,47,277,2010-12-11
465,47,390,2012-01-10
466,47,131,2010-06-28
467,47,124,2017-09-25
468,47,111,2013-02-21
469,47,309,2012-03-19
470,47,51,2014-10-03
471,48,342,2012-12-12
472,48,234,2017-07-26
473,48,231,2010-09-09
474,48,33,2017-01-13
475,48,164,2016-06-24
476,48,231,2014-11-30
477,48,268,2014-05-30
478,48,23,2013-06-21
479,48,81,2011-09-09
480,48,371,2017-04-13
481,49,375,2016-08-16
482,49,199,2017-04-23
483,49,193,2011-03-11
484,49,264,2011-09-29
485,49,256,2010-10-07
486,49,31,2017-08-02
487,49,76,2013-09-29
488,49,351,2015-04-03
489,49,215,2012-12-04
490,49,175,2011-04-27
491,50,249,2018-12-27
492,50,198,2015-06-30
493,50,243,2018-07-22
494,50,10,2014-09-07
495,50,58,2017-08-21
496,50,128,2013-05-07
497,50,225,2010-02-03
498,50,204,2017-03-15
499,50,48,2014-04-01
500,50,62,2011-12-03
501,51,59,2017-08-02
502,51,327,2017-09-06
503,51,328,2017-02-07
504,51,398,2014-02-24
505,51,278,2011-10-02
506,51,225,2013-11-10
507,51,107,2014-09-09
508,51,13,2018-09-05
509,51,333,2010-10-05
510,51,63,2011-11-10
511,52,119,2012-02-01
512,52,284,2010-05-17
513,52,76,2012-09-18
514,52,76,2013-03-18
515,52,176,2010-10-03
516,52,63,2011-10-08
517,52,122,2013-08-27
518,52,94,2018-08-04
519,52,180,2014-07-29
520,52,53,2018-06-10
521,53,54,2011-01-12
522,53,154,2012-01-24
523,53,265,2010-10-31
524,53,192,2011-03-29
525,53,188,2014-08-03
526,53,386,2012-01-29
527,53,60,2018-01-16
528,53,384,2014-02-08
529,53,377,2016-03-28
530,53,293,2014-02-02
531,54,332,2012-02-24
532,54,78,2014-12-13
533,54,35,2016-10-17
534,54,358,2016-02-07
535,54,192,2011-03-29
536,54,336,2011-08-16
537,54,297,2011-01-25
538,54,117,2012-01-13
539,54,394,2015-06-07
540,54,140,2010-01-22
541,55,18,2010-03-10
542,55,180,2010-05-11
543,55,65,2014-11-21
544,55,199,2016-11-28
545,55,269,2010-09-16
546,55,392,2017-11-06
547,55,139,2018-02-18
548,55,39,2011-02-09
549,55,265,2012-05-01
550,55,324,2010-11-02
551,56,185,2012-11-30
552,56,108,2014-04-16
553,56,111,2014-08-13
554,56,117,2017-07-21
555,56,127,2018-05-13
556,56,352,2017-02-28
557,56,325,2017-09-03
558,56,339,2014-03-11
559,56,42,2016-11-14
560,56,368,2015-02-20
561,57,42,2013-01-21
562,57,271,2011-03-20
563,57,348,2017-11-20
564,57,238,2015-10-11
565,57,149,2018-04-29
566,57,323,2017-08-17
567,57,56,2016-04-13
568,57,293,2012-08-25
569,57,99,2012-09-20
570,57,363,2011-08-25
571,58,353,2018-04-10
572,58,362,2013-02-17
573,58,360,2011-07-02
574,58,282,2010-10-09
575,58,369,2012-06-19
576,58,342,2017-10-28
577,58,155,2013-04-18
578,58,19,2013-06-01
579,58,389,2012-05-11
580,58,261,2017-10-06
581,59,343,2011-08-07
582,59,77,2015-02-19
583,59,256,2014-11-25
584,59,30,2017-10-17
585,59,98,2013-09-15
586,59,49,2018-05-11
587,59,324,2012-08-20
588,59,201,2012-08-19
589,59,82,2017-09-08
590,59,194,2014-07-29
591,60,216,2010-08-16
592,60,339,2016-12-28
593,60,149,2012-07-31
594,60,67,2016-05-11
595,60,376,2014-12-18
596,60,209,2015-10-02
597,60,60,2015-03-06
598,60,64,2016-02-21
599,60,376,2015-09-23
600,60,65,2013-07-16
601,61,331,2017-01-27
602,61,184,2011-11-18
603,61,233,2012-08-28
604,61,355,2012-11-05
605,61,15,2017-10-18
606,61,102,2015-12-09
607,61,172,2010-06-06
608,61,59,2017-07-08
609,61,84,2015-06-28
610,61,76,2013-05-07
611,62,274,2018-02-18
612,62,359,2018-01-16
613,62,215,2017-01-02
614,62,118,2016-03-01
615,62,78,2013-12-05
616,62,132,2014-03-29
617,62,292,2016-01-31
618,62,53,2011-09-18
619,62,331,2017-01-31
620,62,151,2014-10-16
621,63,303,2015-01-11
622,63,384,2017-03-05
623,63,136,2018-09-17
624,63,206,2015-03-24
625,63,371,2012-08-30
626,63,134,2017-07-16
627,63,13,2013-02-24
628,63,155,2015-01-14
629,63,100,2016-12-12
630,63,192,2014-07-31
631,64,295,2011-02-11
632,64,199,2010-06-19
633,64,305,2014-12-14
634,64,32,2014-01-18
635,64,208,2014-04-22
636,64,393,2012-10-17
637,64,214,2010-12-01
638,64,363,2012-04-22
639,64,252,2017-09-20
640,64,11,2017-09-09
641,65,33,2011-06-28
642,65,123,2013-08-15
643,65,315,2011-12-11
644,65,168,2014-07-19
645,65,67,2012-06-05
646,65,245,2018-03-31
647,65,95,2013-07-24
648,65,155,2015-11-07
649,65,72,2018-11-16
650,65,331,2018-10-23
651,66,84,2018-02-27
652,66,296,2016-01-23
653,66,60,2011-04-12
654,66,163,2018-12-11
655,66,104,2016-12-23
656,66,254,2015-06-28
657,66,67,2017-11-18
658,66,110,2017-05-19
659,66,52,2015-04-18
660,66,231,2017-10-09
661,67,385,2014-10-22
662,67,125,2013-08-23
663,67,166,2011-06-12
664,67,87,2013-01-07
665,67,336,2013-12-27
666,67,235,2012-03-14
667,67,394,2015-12-07
668,67,280,2017-12-22
669,67,216,2015-06-14
670,67,2,2012-01-16
671,68,366,2013-12-06
672,68,233,2014-02-12
673,68,25,2011-07-25
674,68,174,2010-04-28
675,68,328,2017-06-29
676,68,390,2016-03-08
677,68,386,2013-10-23
678,68,255,2011-04-11
679,68,252,2014-09-05
680,68,242,2012-11-27
681,69,14,2013-06-12
682,69,5,2011-11-13
683,69,45,2013-07-10
684,69,265,2012-01-02
685,69,307,2016-02-19
686,69,16,2015-04-06
687,69,58,2011-11-01
688,69,366,2018-11-29
689,69,81,2016-03-13
690,69,126,2016-05-19
691,70,33,2015-09-16
692,70,317,2016-07-08
693,70,62,2018-02-19
694,70,324,2011-09-30
695,70,3,2017-09-22
696,70,336,2018-10-16
697,70,140,2017-03-13
698,70,192,2012-01-10
699,70,230,2010-06-09
700,70,108,2012-08-19
701,71,236,2014-08-04
702,71,400,2010-03-06
703,71,326,2017-06-11
704,71,125,2013-03-23
705,71,48,2011-07-04
706,71,150,2011-04-19
707,71,19,2011-01-30
708,71,340,2016-05-01
709,71,200,2015-01-19
710,71,314,2018-06-08
711,72,234,2016-11-11
712,72,175,2018-11-04
713,72,21,2015-10-06
714,72,68,2011-09-13
715,72,41,2016-03-31
716,72,151,2013-12-31
717,72,350,2014-07-21
718,72,359,2010-07-05
719,72,300,2014-11-14
720,72,251,2013-01-22
721,73,150,2015-08-02
722,73,276,2013-10-18
723,73,43,2010-11-08
724,73,123,2010-02-15
725,73,213,2017-06-30
726,73,12,2013-10-21
727,73,138,2017-09-14
728,73,311,2010-03-31
729,73,19,2017-11-14
730,73,315,2012-11-04
731,74,197,2015-06-02
732,74,179,2016-09-26
733,74,231,2016-06-17
734,74,293,2018-01-12
735,74,156,2017-01-29
736,74,291,2014-09-16
737,74,218,2016-05-22
738,74,101,2018-03-21
739,74,293,2014-01-30
740,74,292,2010-12-09
741,75,14,2018-06-11
742,75,20,2017-11-11
743,75,157,2010-04-03
744,75,143,2017-03-25
745,75,98,2016-11-29
746,75,148,2017-11-28
747,75,183,2013-07-26
748,75,138,2014-01-15
749,75,1,2018-05-06
750,75,32,2015-03-01
751,76,115,2016-05-07
752,76,169,2011-02-15
753,76,18,2012-05-05
754,76,194,2018-04-13
755,76,364,2012-07-28
756,76,136,2012-02-23
757,76,271,2015-03-29
758,76,112,2011-06-28
759,76,145,2017-11-29
760,76,102,2018-08-23
761,77,31,2010-12-12
762,77,158,2015-03-05
763,77,55,2012-03-25
764,77,387,2015-05-03
765,77,30,2011-11-02
766,77,103,2010-09-15
767,77,290,2012-12-05
768,77,307,2015-07-09
769,77,92,2016-12-24
770,77,80,2012-09-27
771,78,205,2011-04-01
772,78,245,2011-05-24
773,78,10,2013-08-02
774,78,53,2017-07-01
775,78,257,2014-11-15
776,78,68,2017-10-24
777,78,271,2018-04-21
778,78,295,2015-08-09
779,78,333,2017-10-11
780,78,370,2017-02-24
781,79,88,2012-12-25
782,79,113,2018-08-11
783,79,331,2012-12-23
784,79,328,2017-11-22
785,79,368,2016-08-25
786,79,75,2012-06-29
787,79,346,2014-11-07
788,79,293,2012-03-16
789,79,47,2010-12-06
790,79,249,2013-03-14
791,80,206,2015-07-20
792,80,93,2017-07-24
793,80,38,2016-08-12
794,80,59,2015-12-12
795,80,36,2014-12-18
796,80,308,2015-08-07
797,80,234,2017-08-13
798,80,374,2014-04-16
799,80,34,2013-07-28
800,80,212,2015-12-20
801,81,228,2013-08-09
802,81,225,2018-08-02
803,81,381,2013-03-08
804,81,291,2017-04-27
805,81,179,2012-08-26
806,81,143,2010-07-23
807,81,178,2013-09-18
808,81,178,2014-06-16
809,81,387,2013-08-16
810,81,243,2010-07-13
811,82,98,2014-09-28
812,82,114,2013-06-14
813,82,260,2015-07-06
814,82,355,2018-04-18
815,82,221,2018-11-16
816,82,304,2015-06-01
817,82,304,2012-02-14
818,82,341,2011-05-09
819,82,258,2011-07-31
820,82,116,2017-05-29
821,83,324,2011-05-30
822,83,342,2012-07-02
823,83,377,2011-03-13
824,83,288,2018-09-06
825,83,180,2014-07-02
826,83,146,2015-10-05
827,83,274,2015-02-02
828,83,204,2015-10-18
829,83,366,2015-06-02
830,83,320,2017-12-06
831,84,317,2018-01-27
832,84,304,2017-01-22
833,84,37,2018-07-01
834,84,232,2011-08-21
835,84,155,2017-11-25
836,84,247,2011-04-08
837,84,346,2015-12-11
838,84,349,2010-04-19
839,84,299,2014-01-28
840,84,301,2014-11-15
841,85,297,2017-10-30
842,85,274,2015-05-15
843,85,140,2015-07-05
844,85,89,2017-11-21
845,85,348,2011-05-15
846,85,54,2012-02-06
847,85,9,2011-03-31
848,85,240,2010-05-30
849,85,226,2017-06-29
850,85,284,2011-08-02
851,86,49,2014-09-11
852,86,10,2017-09-19
853,86,146,2010-06-19
854,86,296,2014-06-01
855,86,365,2015-09-13
856,86,202,2017-05-01
857,86,275,2011-09-11
858,86,376,2016-12-14
859,86,396,2011-11-20
860,86,154,2017-09-04
861,87,45,2010-08-16
862,87,231,2013-03-27
863,87,114,2017-07-11
864,87,360,2017-06-01
865,87,134,2017-03-29
866,87,197,2013-11-03
867,87,269,2011-11-18
868,87,351,2018-07-06
869,87,315,2010-12-29
870,87,248,2017-03-07
871,88,267,2011-04-19
872,88,201,2013-12-13
873,88,194,2015-09-02
874,88,180,2018-04-14
875,88,38,2017-07-11
876,88,41,2010-11-14
877,88,131,2014-10-04
878,88,353,2012-08-26
879,88,368,2015-12-15
880,88,84,2015-03-02
881,89,200,2017-12-15
882,89,386,2014-12-25
883,89,195,2018-04-13
884,89,210,2013-08-23
885,89,87,2014-09-18
886,89,254,2018-02-26
887,89,143,2012-02-17
888,89,308,2015-05-17
889,89,68,2016-05-14
890,89,57,2010-09-18
891,90,2,2013-09-24
892,90,43,2018-03-16
893,90,51,2011-01-27
894,90,29,2014-01-23
895,90,374,2010-05-22
896,90,105,2017-08-01
897,90,288,2017-05-27
898,90,40,2017-10-22
899,90,342,2018-03-11
900,90,220,2015-09-23
901,91,10,2014-10-11
902,91,283,2016-02-08
903,91,309,2013-03-22
904,91,267,2011-05-26
905,91,14,2015-10-01
906,91,85,2016-01-14
907,91,137,2014-04-21
908,91,14,2013-10-31
909,91,62,2013-09-27
910,91,283,2012-04-29
911,92,21,2017-06-09
912,92,166,2017-01-16
913,92,53,2010-07-27
914,92,149,2010-10-14
915,92,219,2015-01-26
916,92,195,2012-12-30
917,92,117,2013-10-12
918,92,236,2014-05-24
919,92,25,2012-03-16
920,92,133,2010-11-26
921,93,362,2011-02-12
922,93,292,2013-04-25
923,93,274,2014-07-26
924,93,147,2017-08-17
925,93,355,2012-03-10
926,93,46,2011-06-05
927,93,249,2013-01-11
928,93,111,2012-01-24
929,93,381,2010-07-01
930,93,233,2013-03-15
931,94,339,2014-11-25
932,94,35,2012-03-28
933,94,68,2016-07-27
934,94,335,2017-07-22
935,94,298,2013-01-28
936,94,346,2014-10-23
937,94,226,2011-04-07
938,94,118,2010-08-01
939,94,325,2015-09-15
940,94,195,2010-12-12
941,95,192,2013-02-11
942,95,71,2018-03-05
943,95,255,2018-12-07
944,95,338,2010-02-25
945,95,86,2010-06-25
946,95,273,2012-03-30
947,95,1,2014-09-13
948,95,263,2018-07-12
949,95,29,2010-10-30
950,95,130,2014-05-14
951,96,25,2010-07-01
952,96,323,2013-12-30
953,96,72,2012-09-05
954,96,49,2015-09-07
955,96,320,2011-01-25
956,96,198,2018-04-11
957,96,279,2018-06-08
958,96,9,2015-11-16
959,96,384,2016-10-25
960,96,368,2018-05-03
961,97,62,2012-10-18
962,97,242,2011-11-04
963,97,110,2010-02-06
964,97,61,2017-01-12
965,97,374,2013-09-25
966,97,324,2017-08-27
967,97,201,2018-01-03
968,97,381,2017-10-04
969,97,159,2017-08-13
970,97,43,2015-09-04
971,98,113,2010-06-12
972,98,234,2014-08-17
973,98,99,2016-06-25
974,98,30,2014-03-17
975,98,374,2011-06-21
976,98,173,2010-03-25
977,98,167,2011-04-29
978,98,222,2012-04-28
979,98,190,2015-11-21
980,98,299,2015-05-22
981,99,189,2013-05-06
982,99,373,2013-08-16
983,99,359,2014-11-20
984,99,255,2013-07-21
985,99,159,2014-12-30
986,99,310,2014-03-12
987,99,136,2010-08-29
988,99,348,2014-06-06
989,99,380,2011-06-09
990,99,83,2012-05-17
991,100,195,2014-09-05
992,100,68,2018-12-01
993,100,155,2016-06-10
994,100,164,2016-04-30
995,100,38,2010-10-30
996,100,368,2016-12-25
997,100,346,2011-06-18
998,100,144,2016-12-04
999,100,162,2018-02-25
1000,100,69,2011-08-03
1001,101,60,2010-10-03
1002,101,287,2015-12-12
1003,101,242,2015-05-22
1004,101,285,2015-08-19
1005,101,298,2015-01-12
1006,101,193,2016-07-31
1007,101,160,2015-10-18
1008,101,281,2011-01-09
1009,101,270,2011-10-13
1010,101,177,2014-08-06
1011,102,2,2017-07-10
1012,102,56,2010-08-08
1013,102,246,2018-09-19
1014,102,17,2014-11-21
1015,102,361,2014-01-05
1016,102,16,2012-12-28
1017,102,208,2012-06-03
1018,102,146,2015-06-07
1019,102,211,2018-03-27
1020,102,198,2014-06-20
1021,103,187,2013-10-26
1022,103,316,2014-02-15
1023,103,155,2014-03-15
1024,103,381,2014-05-08
1025,103,169,2014-10-22
1026,103,149,2018-03-19
1027,103,28,2016-09-06
1028,103,161,2018-08-10
1029,103,296,2017-02-06
1030,103,153,2018-11-12
1031,104,153,2010-03-27
1032,104,62,2015-02-02
1033,104,201,2017-05-30
1034,104,17,2015-12-10
1035,104,62,2016-05-28
1036,104,116,2011-03-23
1037,104,137,2010-08-27
1038,104,292,2018-03-31
1039,104,180,2013-01-18
1040,104,274,2012-12-20
1041,105,18,2016-12-10
1042,105,116,2014-11-28
1043,105,88,2016-01-27
1044,105,392,2013-02-13
1045,105,192,2015-08-19
1046,105,253,2017-02-25
1047,105,258,2015-10-02
1048,105,332,2018-02-01
1049,105,94,2011-07-16
1050,105,336,2015-07-24
1051,106,324,2011-03-07
1052,106,250,2017-12-19
1053,106,289,2016-05-02
1054,106,396,2017-05-01
1055,106,293,2016-10-18
1056,106,388,2018-12-04
1057,106,196,2015-12-08
1058,106,292,2012-06-11
1059,106,329,2017-12-29
1060,106,236,2011-11-19
1061,107,303,2012-01-06
1062,107,198,2016-09-18
1063,107,28,2010-07-26
1064,107,16,2017-06-28
1065,107,185,2017-08-12
1066,107,331,2010-08-04
1067,107,195,2015-10-22
1068,107,97,2016-10-09
1069,107,8,2012-06-30
1070,107,60,2010-04-19
1071,108,283,2010-03-03
1072,108,234,2011-04-20
1073,108,225,2010-12-27
1074,108,57,2015-10-01
1075,108,250,2010-02-08
1076,108,183,2010-01-10
1077,108,283,2014-08-30
1078,108,261,2018-12-29
1079,108,222,2013-03-09
1080,108,367,2017-03-05
1081,109,12,2012-10-25
1082,109,128,2012-10-07
1083,109,83,2016-09-15
1084,109,171,2018-01-25
1085,109,286,2017-09-09
1086,109,229,2011-09-12
1087,109,240,2016-05-13
1088,109,212,2012-08-02
1089,109,333,2011-02-20
1090,109,265,2013-02-01
1091,110,192,2011-08-31
1092,110,287,2012-04-20
1093,110,38,2017-01-13
1094,110,108,2016-10-23
1095,110,161,2012-10-07
1096,110,395,2018-11-19
1097,110,97,2016-01-09
1098,110,363,2010-03-26
1099,110,232,2018-04-25
1100,110,347,2014-04-20
1101,111,270,2012-08-08
1102,111,52,2017-09-27
1103,111,148,2016-03-26
1104,111,93,2012-03-31
1105,111,6,2014-03-30
1106,111,135,2011-08-19
1107,111,170,2014-07-12
1108,111,4,2018-06-23
1109,111,364,2015-05-27
1110,111,223,2014-06-14
1111,112,338,2014-12-18
1112,112,159,2017-09-20
1113,112,88,2014-08-09
1114,112,78,2016-09-06
1115,112,341,2012-01-10
1116,112,340,2013-12-05
1117,112,150,2014-07-14
1118,112,38,2011-04-05
1119,112,400,2011-01-23
1120,112,295,2017-10-08
1121,113,51,2016-09-06
1122,113,39,2014-01-27
1123,113,185,2014-02-04
1124,113,61,2015-01-13
1125,113,248,2010-06-10
1126,113,21,2015-06-29
1127,113,87,2017-01-29
1128,113,327,2012-09-28
1129,113,366,2010-07-15
1130,113,192,2014-05-26
1131,114,77,2015-10-29
1132,114,356,2014-07-09
1133,114,307,2016-01-07
1134,114,237,2012-11-08
1135,114,145,2011-05-06
1136,114,57,2016-06-02
1137,114,295,2016-07-03
1138,114,15,2015-02-20
1139,114,270,2013-09-28
1140,114,375,2011-06-19
1141,115,171,2011-11-26
1142,115,372,2014-07-05
1143,115,377,2013-09-13
1144,115,315,2013-11-21
1145,115,168,2014-02-06
1146,115,319,2014-01-23
1147,115,400,2018-09-18
1148,115,61,2012-08-04
1149,115,282,2015-05-01
1150,115,59,2014-03-14
1151,116,349,2018-08-18
1152,116,220,2017-11-23
1153,116,36,2014-11-12
1154,116,362,2011-11-30
1155,116,16,2016-12-21
1156,116,163,2014-08-01
1157,116,336,2014-04-04
1158,116,366,2015-01-10
1159,116,17,2015-06-28
1160,116,39,2011-10-09
1161,117,122,2018-06-05
1162,117,43,2016-05-31
1163,117,320,2013-01-10
1164,117,226,2016-06-18
1165,117,70,2018-05-17
1166,117,320,2012-06-16
1167,117,264,2010-10-15
1168,117,41,2016-11-18
1169,117,332,2015-06-09
1170,117,375,2012-12-03
1171,118,55,2010-05-10
1172,118,214,2010-06-13
1173,118,398,2011-09-13
1174,118,320,2010-08-22
1175,118,97,2017-02-20
1176,118,214,2015-08-28
1177,118,161,2010-05-04
1178,118,74,2013-09-05
1179,118,98,2011-01-30
1180,118,16,2010-09-08
1181,119,289,2010-11-02
1182,119,380,2014-06-10
1183,119,98,2015-02-26
1184,119,85,2010-03-09
1185,119,46,2010-09-26
1186,119,141,2018-07-16
1187,119,240,2016-06-30
1188,119,220,2015-03-20
1189,119,66,2017-12-13
1190,119,193,2014-07-13
1191,120,389,2018-11-09
1192,120,49,2016-08-10
1193,120,221,2011-05-14
1194,120,4,2015-04-27
1195,120,338,2018-04-19
1196,120,217,2014-11-15
1197,120,312,2012-07-10
1198,120,381,2018-08-15
1199,120,262,2014-09-10
1200,120,232,2010-01-31
1201,121,245,2011-06-14
1202,121,389,2017-12-07
1203,121,115,2014-06-10
1204,121,62,2017-05-06
1205,121,133,2010-07-01
1206,121,185,2015-01-06
1207,121,388,2017-12-06
1208,121,55,2012-04-12
1209,121,381,2012-11-29
1210,121,365,2014-06-24
1211,122,328,2010-03-04
1212,122,344,2014-07-31
1213,122,264,2011-09-19
1214,122,185,2015-07-08
1215,122,240,2012-08-16
1216,122,190,2010-01-21
1217,122,309,2015-12-01
1218,122,320,2013-11-24
1219,122,169,2015-09-16
1220,122,121,2014-09-16
1221,123,395,2015-06-08
1222,123,23,2016-08-04
1223,123,294,2013-02-19
1224,123,101,2011-10-28
1225,123,376,2017-01-14
1226,123,76,2014-11-18
1227,123,90,2011-07-15
1228,123,203,2011-10-30
1229,123,104,2017-10-08
1230,123,389,2014-08-07
1231,124,305,2015-05-31
1232,124,230,2015-11-26
1233,124,46,2015-01-25
1234,124,301,2016-01-11
1235,124,4,2010-01-23
1236,124,8,2015-01-02
1237,124,211,2011-03-29
1238,124,61,2014-10-13
1239,124,270,2010-02-23
1240,124,211,2011-09-09
1241,125,247,2017-08-09
1242,125,117,2017-03-09
1243,125,37,2012-11-18
1244,125,95,2015-07-20
1245,125,328,2011-11-08
1246,125,306,2015-01-27
1247,125,248,2013-12-03
1248,125,97,2015-10-03
1249,125,225,2018-07-19
1250,125,254,2014-10-14
1251,126,316,2016-07-19
1252,126,282,2011-03-23
1253,126,63,2014-06-29
1254,126,121,2018-12-13
1255,126,296,2010-07-16
1256,126,343,2017-02-22
1257,126,316,2015-07-04
1258,126,328,2012-07-27
1259,126,298,2010-03-21
1260,126,342,2010-01-31
1261,127,320,2011-04-08
1262,127,380,2016-12-17
1263,127,137,2012-03-28
1264,127,309,2016-06-07
1265,127,126,2011-10-28
1266,127,137,2018-08-25
1267,127,203,2010-06-22
1268,127,224,2014-10-13
1269,127,146,2016-10-06
1270,127,158,2013-06-05
1271,128,322,2014-09-18
1272,128,243,2010-07-15
1273,128,270,2017-02-16
1274,128,292,2018-09-08
1275,128,36,2011-06-25
1276,128,25,2015-01-10
1277,128,23,2013-12-18
1278,128,343,2012-09-15
1279,128,376,2018-03-15
1280,128,67,2016-09-22
1281,129,44,2017-04-28
1282,129,390,2012-06-28
1283,129,225,2013-11-22
1284,129,280,2016-03-21
1285,129,269,2017-08-17
1286,129,400,2012-08-29
1287,129,74,2013-01-15
1288,129,161,2016-10-10
1289,129,326,2013-02-19
1290,129,139,2013-01-30
1291,130,390,2017-11-01
1292,130,316,2016-09-13
1293,130,199,2015-02-20
1294,130,396,2018-01-28
1295,130,72,2012-06-27
1296,130,196,2014-07-31
1297,130,332,2010-01-04
1298,130,279,2010-11-22
1299,130,143,2018-03-03
1300,130,295,2012-06-11
1301,131,53,2015-08-08
1302,131,331,2010-02-15
1303,131,281,2015-10-26
1304,131,146,2012-08-10
1305,131,210,2018-10-22
1306,131,226,2014-09-04
1307,131,195,2010-10-11
1308,131,298,2011-08-21
1309,131,250,2015-02-12
1310,131,349,2011-05-07
1311,132,16,2011-09-21
1312,132,269,2017-02-27
1313,132,55,2013-08-29
1314,132,100,2014-06-11
1315,132,333,2012-01-09
1316,132,116,2017-09-24
1317,132,129,2011-09-17
1318,132,25,2015-04-12
1319,132,288,2014-05-17
1320,132,158,2014-10-03
1321,133,328,2016-11-28
1322,133,379,2013-10-31
1323,133,99,2010-03-14
1324,133,256,2014-11-11
1325,133,154,2010-11-09
1326,133,271,2017-10-22
1327,133,105,2016-09-02
1328,133,17,2011-12-24
1329,133,294,2013-09-01
1330,133,294,2012-03-10
1331,134,215,2018-07-02
1332,134,31,2018-08-10
1333,134,265,2012-05-01
1334,134,13,2017-02-28
1335,134,256,2018-12-22
1336,134,306,2018-06-18
1337,134,219,2014-01-11
1338,134,190,2011-04-21
1339,134,121,2016-04-23
1340,134,326,2018-11-06
1341,135,54,2010-11-07
1342,135,354,2018-09-10
1343,135,149,2010-09-14
1344,135,6,2018-12-24
1345,135,106,2018-01-02
1346,135,207,2015-05-26
1347,135,307,2010-11-21
1348,135,366,2017-03-21
1349,135,398,2013-04-17
1350,135,82,2016-05-09
1351,136,165,2012-01-18
1352,136,349,2012-07-06
1353,136,80,2011-03-25
1354,136,301,2013-07-13
1355,136,121,2013-12-30
1356,136,93,2012-06-16
1357,136,241,2017-12-13
1358,136,231,2018-10-15
1359,136,202,2016-07-01
1360,136,388,2014-02-26
1361,137,182,2015-11-02
1362,137,280,2015-12-18
1363,137,155,2017-08-25
1364,137,242,2017-01-05
1365,137,148,2018-05-13
1366,137,270,2012-10-28
1367,137,41,2018-02-11
1368,137,121,2017-07-20
1369,137,383,2018-05-15
1370,137,154,2015-06-02
1371,138,161,2015-11-01
1372,138,370,2016-10-31
1373,138,372,2016-01-03
1374,138,52,2012-10-04
1375,138,151,2013-04-28
1376,138,381,2012-05-03
1377,138,164,2014-05-05
1378,138,374,2017-07-01
1379,138,105,2017-08-15
1380,138,275,2016-05-10
1381,139,271,2010-12-15
1382,139,72,2018-08-22
1383,139,161,2011-07-21
1384,139,200,2010-09-11
1385,139,182,2011-08-18
1386,139,335,2011-01-01
1387,139,239,2015-01-26
1388,139,151,2015-05-22
1389,139,375,2016-03-25
1390,139,171,2010-04-10
1391,140,204,2018-03-15
1392,140,357,2016-06-11
1393,140,41,2012-10-03
1394,140,93,2012-11-26
1395,140,338,2018-10-29
1396,140,307,2011-01-15
1397,140,321,2017-01-19
1398,140,250,2017-09-04
1399,140,2,2013-10-09
1400,140,213,2013-08-08
1401,141,181,2010-01-15
1402,141,335,2016-08-28
1403,141,110,2014-05-06
1404,141,228,2014-07-20
1405,141,357,2014-04-25
1406,141,28,2014-10-07
1407,141,51,2010-07-23
1408,141,340,2012-06-04
1409,141,320,2011-07-12
1410,141,110,2014-03-23
1411,142,52,2016-12-13
1412,142,294,2016-12-31
1413,142,22,2012-06-29
1414,142,251,2011-05-13
1415,142,349,2015-02-09
1416,142,385,2010-12-22
1417,142,210,2016-11-09
1418,142,173,2015-01-03
1419,142,270,2010-01-08
1420,142,156,2016-05-31
1421,143,332,2018-02-28
1422,143,336,2017-09-28
1423,143,268,2012-07-31
1424,143,317,2016-11-07
1425,143,10,2014-05-06
1426,143,160,2011-07-22
1427,143,105,2012-02-22
1428,143,119,2015-06-15
1429,143,377,2013-01-26
1430,143,12,2012-04-28
1431,144,98,2017-08-31
1432,144,117,2017-07-15
1433,144,287,2018-03-28
1434,144,159,2012-09-13
1435,144,233,2010-02-21
1436,144,156,2010-05-15
1437,144,179,2014-10-12
1438,144,356,2017-02-19
1439,144,373,2015-09-19
1440,144,8,2010-09-17
1441,145,139,2018-12-15
1442,145,311,2018-10-13
1443,145,137,2016-08-04
1444,145,393,2012-09-18
1445,145,138,2013-02-10
1446,145,277,2011-04-28
1447,145,123,2018-03-03
1448,145,339,2018-08-15
1449,145,310,2018-04-18
1450,145,159,2014-05-24
1451,146,61,2014-12-11
1452,146,382,2017-02-18
1453,146,165,2012-09-26
1454,146,257,2011-07-26
1455,146,172,2014-08-30
1456,146,268,2015-05-24
1457,146,240,2012-08-15
1458,146,353,2017-06-29
1459,146,97,2010-03-16
1460,146,2,2012-08-18
1461,147,290,2017-04-20
1462,147,162,2013-01-03
1463,147,115,2011-05-08
1464,147,252,2017-05-26
1465,147,226,2010-03-01
1466,147,355,2012-04-03
1467,147,222,2018-03-02
1468,147,345,2010-03-14
1469,147,18,2016-09-09
1470,147,120,2012-01-23
1471,148,392,2017-08-26
1472,148,120,2016-10-28
1473,148,82,2011-07-15
1474,148,138,2012-02-07
1475,148,51,2015-07-16
1476,148,196,2015-09-14
1477,148,304,2012-07-29
1478,148,118,2017-12-05
1479,148,6,2015-10-15
1480,148,205,2016-12-24
1481,149,47,2012-03-11
1482,149,75,2015-12-09
1483,149,129,2011-05-31
1484,149,18,2016-10-11
1485,149,318,2016-08-16
1486,149,105,2010-12-23
1487,149,151,2016-06-11
1488,149,136,2014-10-11
1489,149,237,2011-02-04
1490,149,246,2014-05-10
1491,150,132,2015-01-30
1492,150,244,2017-12-19
1493,150,239,2011-10-09
1494,150,23,2016-04-04
1495,150,106,2017-07-31
1496,150,263,2015-09-11
1497,150,7,2013-04-04
1498,150,36,2014-04-05
1499,150,259,2012-09-08
1500,150,278,2013-04-21
1501,151,182,2013-01-12
1502,151,70,2013-05-07
1503,151,356,2017-04-05
1504,151,337,2017-07-17
1505,151,107,2015-09-01
1506,151,167,2013-06-28
1507,151,154,2016-06-01
1508,151,147,2013-09-11
1509,151,310,2017-09-10
1510,151,274,2010-04-03
1511,152,390,2014-03-31
1512,152,221,2017-09-12
1513,152,8,2016-07-01
1514,152,354,2017-03-24
1515,152,83,2013-03-28
1516,152,116,2013-10-21
1517,152,317,2016-10-03
1518,152,54,2016-07-12
1519,152,204,2013-11-17
1520,152,153,2012-07-08
1521,153,48,2015-02-13
1522,153,247,2015-05-21
1523,153,109,2010-04-21
1524,153,372,2017-08-01
1525,153,315,2013-05-23
1526,153,40,2015-11-16
1527,153,146,2010-06-26
1528,153,185,2016-10-01
1529,153,190,2015-08-31
1530,153,201,2017-08-27
1531,154,274,2010-11-30
1532,154,178,2015-04-11
1533,154,255,2010-02-20
1534,154,278,2011-03-31
1535,154,339,2017-03-30
1536,154,264,2010-11-25
1537,154,63,2013-11-09
1538,154,87,2016-10-08
1539,154,261,2012-10-30
1540,154,346,2010-11-07
1541,155,84,2018-03-03
1542,155,94,2012-12-01
1543,155,208,2017-02-25
1544,155,388,2011-03-11
1545,155,257,2013-03-08
1546,155,173,2015-09-29
1547,155,324,2013-12-10
1548,155,3,2013-08-02
1549,155,392,2015-10-02
1550,155,212,2012-04-15
1551,156,278,2010-07-09
1552,156,373,2011-11-26
1553,156,287,2016-10-28
1554,156,332,2013-10-10
1555,156,111,2016-10-18
1556,156,57,2015-05-19
1557,156,34,2013-12-02
1558,156,305,2016-02-14
1559,156,187,2010-03-14
1560,156,147,2011-10-05
1561,157,310,2010-12-08
1562,157,103,2013-08-22
1563,157,139,2012-10-04
1564,157,282,2018-05-26
1565,157,163,2016-01-05
1566,157,141,2015-05-25
1567,157,334,2010-07-19
1568,157,80,2018-04-26
1569,157,382,2011-05-07
1570,157,387,2018-11-08
1571,158,88,2016-03-04
1572,158,104,2017-04-08
1573,158,248,2010-07-23
1574,158,17,2014-06-18
1575,158,233,2018-05-16
1576,158,349,2016-04-09
1577,158,288,2011-01-29
1578,158,82,2016-05-20
1579,158,94,2015-04-27
1580,158,146,2010-07-03
1581,159,156,2016-11-23
1582,159,94,2013-06-13
1583,159,229,2013-07-07
1584,159,262,2013-10-08
1585,159,65,2012-03-03
1586,159,288,2012-07-19
1587,159,316,2012-09-22
1588,159,134,2012-01-16
1589,159,59,2015-01-10
1590,159,132,2010-06-10
1591,160,8,2015-12-25
1592,160,387,2014-10-01
1593,160,100,2012-10-09
1594,160,325,2016-05-11
1595,160,326,2011-04-17
1596,160,329,2016-10-18
1597,160,95,2010-09-27
1598,160,30,2016-08-07
1599,160,323,2016-01-29
1600,160,26,2015-07-17
1601,161,49,2013-12-28
1602,161,228,2017-09-30
1603,161,257,2018-03-20
1604,161,25,2010-04-11
1605,161,325,2011-07-27
1606,161,207,2016-03-31
1607,161,102,2011-01-16
1608,161,101,2015-06-16
1609,161,125,2018-08-20
1610,161,257,2011-06-15
1611,162,39,2011-06-30
1612,162,47,2014-03-31
1613,162,375,2013-10-20
1614,162,389,2012-08-27
1615,162,326,2018-07-18
1616,162,242,2012-01-17
1617,162,98,2014-04-26
1618,162,366,2014-12-03
1619,162,179,2012-09-08
1620,162,134,2010-01-23
1621,163,205,2016-07-17
1622,163,62,2013-09-26
1623,163,287,2016-05-12
1624,163,350,2016-06-21
1625,163,235,2010-02-18
1626,163,76,2015-04-14
1627,163,74,2018-05-28
1628,163,254,2013-10-24
1629,163,356,2012-07-17
1630,163,13,2015-11-15
1631,164,214,2013-08-14
1632,164,142,2011-07-21
1633,164,354,2010-04-10
1634,164,245,2017-06-08
1635,164,347,2017-10-18
1636,164,15,2013-10-13
1637,164,157,2012-03-23
1638,164,338,2011-10-21
1639,164,62,2016-08-10
1640,164,147,2017-07-04
1641,165,400,2013-12-25
1642,165,305,2010-06-01
1643,165,121,2013-08-13
1644,165,24,2017-04-13
1645,165,313,2013-06-10
1646,165,194,2011-06-08
1647,165,294,2018-04-11
1648,165,220,2018-05-29
1649,165,338,2012-11-26
1650,165,111,2018-10-18
1651,166,127,2015-11-29
1652,166,49,2017-10-23
1653,166,9,2017-06-16
1654,166,304,2011-09-03
1655,166,330,2012-08-11
1656,166,142,2013-03-28
1657,166,134,2017-09-20
1658,166,346,2010-11-13
1659,166,316,2012-02-25
1660,166,248,2014-08-02
1661,167,391,2012-08-07
1662,167,291,2018-10-23
1663,167,1,2010-07-22
1664,167,165,2015-02-11
1665,167,105,2017-07-21
1666,167,37,2017-06-13
1667,167,350,2015-07-20
1668,167,180,2010-08-20
1669,167,95,2018-04-08
1670,167,385,2011-07-04
1671,168,72,2018-10-15
1672,168,211,2012-05-19
1673,168,135,2011-04-30
1674,168,52,2016-11-05
1675,168,67,2012-01-19
1676,168,259,2012-08-07
1677,168,285,2013-12-25
1678,168,131,2018-11-10
1679,168,188,2017-11-11
1680,168,342,2010-02-21
1681,169,84,2017-10-09
1682,169,9,2016-04-08
1683,169,104,2013-04-08
1684,169,318,2010-01-04
1685,169,338,2015-05-26
1686,169,320,2010-07-19
1687,169,231,2012-02-26
1688,169,34,2011-11-15
1689,169,120,2016-11-29
1690,169,352,2012-05-16
1691,170,107,2012-08-13
1692,170,256,2014-09-17
1693,170,181,2017-08-20
1694,170,153,2012-04-10
1695,170,74,2012-08-27
1696,170,47,2012-01-13
1697,170,226,2018-08-05
1698,170,43,2013-03-24
1699,170,27,2016-08-18
1700,170,234,2015-04-27
1701,171,37,2014-08-06
1702,171,219,2010-12-06
1703,171,362,2016-01-03
1704,171,65,2014-09-21
1705,171,400,2010-03-18
1706,171,134,2018-08-11
1707,171,15,2015-01-02
1708,171,257,2010-10-27
1709,171,393,2015-04-03
1710,171,105,2013-01-05
1711,172,7,2015-01-08
1712,172,139,2014-01-08
1713,172,256,2016-08-17
1714,172,274,2011-07-22
1715,172,244,2017-01-12
1716,172,28,2011-05-15
1717,172,114,2016-03-13
1718,172,160,2014-02-26
1719,172,49,2011-01-25
1720,172,85,2010-09-04
1721,173,142,2011-01-28
1722,173,28,2011-07-07
1723,173,59,2015-11-20
1724,173,11,2016-08-25
1725,173,191,2011-05-05
1726,173,193,2012-02-18
1727,173,310,2010-05-01
1728,173,154,2014-04-20
1729,173,213,2012-06-25
1730,173,374,2015-07-08
1731,174,42,2011-01-30
1732,174,400,2017-09-21
1733,174,254,2015-06-02
1734,174,78,2010-02-17
1735,174,21,2017-06-09
1736,174,237,2018-07-21
1737,174,8,2014-05-04
1738,174,388,2011-09-18
1739,174,55,2018-10-21
1740,174,389,2011-12-11
1741,175,40,2014-11-08
1742,175,207,2017-03-21
1743,175,19,2012-12-28
1744,175,3,2015-03-29
1745,175,95,2010-03-06
1746,175,100,2016-09-29
1747,175,41,2011-04-06
1748,175,173,2014-09-24
1749,175,332,2012-02-05
1750,175,108,2010-08-12
1751,176,155,2018-02-03
1752,176,260,2014-10-28
1753,176,372,2013-08-19
1754,176,344,2018-05-28
1755,176,54,2017-08-20
1756,176,7,2018-06-20
1757,176,321,2016-12-12
1758,176,108,2011-08-09
1759,176,363,2013-11-23
1760,176,125,2017-04-13
1761,177,135,2014-09-05
1762,177,327,2016-02-02
1763,177,257,2012-05-07
1764,177,146,2017-05-25
1765,177,22,2017-05-27
1766,177,352,2014-01-15
1767,177,187,2017-09-15
1768,177,138,2012-11-20
1769,177,202,2018-06-15
1770,177,34,2016-08-23
1771,178,302,2010-09-26
1772,178,333,2012-07-12
1773,178,223,2016-12-03
1774,178,40,2014-07-31
1775,178,288,2013-03-18
1776,178,61,2012-12-28
1777,178,389,2015-08-07
1778,178,385,2015-05-05
1779,178,391,2010-02-25
1780,178,349,2011-10-19
1781,179,199,2016-04-08
1782,179,103,2017-06-25
1783,179,77,2015-07-24
1784,179,205,2015-08-28
1785,179,140,2015-07-14
1786,179,158,2012-03-06
1787,179,150,2013-08-20
1788,179,57,2010-09-01
1789,179,364,2018-08-03
1790,179,40,2011-04-19
1791,180,200,2013-01-18
1792,180,358,2010-09-30
1793,180,106,2015-05-08
1794,180,144,2017-11-20
1795,180,393,2015-10-15
1796,180,372,2014-04-24
1797,180,390,2013-04-09
1798,180,376,2010-06-23
1799,180,44,2014-05-13
1800,180,268,2011-06-06
1801,181,61,2015-01-13
1802,181,261,2012-02-04
1803,181,154,2015-07-22
1804,181,205,2012-05-26
1805,181,213,2012-10-30
1806,181,129,2017-08-17
1807,181,55,2012-11-19
1808,181,137,2015-06-23
1809,181,53,2018-01-05
1810,181,63,2013-12-23
1811,182,50,2011-09-26
1812,182,190,2011-08-02
1813,182,107,2016-07-13
1814,182,386,2018-07-02
1815,182,286,2012-07-15
1816,182,72,2014-11-09
1817,182,357,2010-12-04
1818,182,349,2016-04-28
1819,182,72,2013-04-28
1820,182,351,2017-08-10
1821,183,354,2015-02-25
1822,183,306,2013-01-31
1823,183,232,2011-09-08
1824,183,297,2012-12-10
1825,183,341,2010-06-16
1826,183,153,2013-08-09
1827,183,90,2013-05-08
1828,183,227,2015-08-10
1829,183,105,2014-11-22
1830,183,15,2018-08-23
1831,184,215,2010-06-20
1832,184,106,2012-11-05
1833,184,313,2010-06-06
1834,184,289,2012-04-20
1835,184,342,2018-09-16
1836,184,172,2018-10-17
1837,184,62,2015-09-18
1838,184,236,2017-09-02
1839,184,129,2011-09-02
1840,184,205,2018-11-15
1841,185,25,2010-02-20
1842,185,328,2017-01-11
1843,185,235,2018-12-10
1844,185,399,2014-09-16
1845,185,104,2010-10-05
1846,185,272,2014-09-21
1847,185,43,2011-10-22
1848,185,352,2014-02-09
1849,185,164,2016-12-01
1850,185,265,2010-11-15
1851,186,78,2017-02-24
1852,186,188,2018-11-25
1853,186,251,2013-10-07
1854,186,140,2011-11-07
1855,186,227,2017-08-01
1856,186,243,2014-11-26
1857,186,327,2016-08-11
1858,186,150,2016-11-24
1859,186,69,2017-09-27
1860,186,23,2018-01-04
1861,187,36,2015-11-08
1862,187,374,2013-11-21
1863,187,141,2018-04-21
1864,187,168,2015-06-24
1865,187,177,2011-06-25
1866,187,222,2018-07-31
1867,187,337,2018-12-21
1868,187,339,2015-09-24
1869,187,315,2018-02-06
1870,187,105,2012-08-28
1871,188,60,2013-07-31
1872,188,192,2016-06-30
1873,188,111,2016-01-16
1874,188,100,2013-07-09
1875,188,233,2018-11-15
1876,188,103,2014-08-08
1877,188,298,2016-06-09
1878,188,284,2013-11-06
1879,188,350,2010-09-14
1880,188,86,2016-08-23
1881,189,127,2017-09-05
1882,189,140,2014-01-15
1883,189,20,2018-08-18
1884,189,218,2016-05-26
1885,189,243,2016-03-11
1886,189,89,2012-11-02
1887,189,70,2016-10-25
1888,189,256,2017-04-05
1889,189,20,2012-03-14
1890,189,112,2015-12-04
1891,190,373,2011-01-09
1892,190,240,2011-04-01
1893,190,259,2011-02-24
1894,190,287,2018-09-10
1895,190,42,2012-09-23
1896,190,221,2017-02-10
1897,190,37,2011-07-12
1898,190,313,2016-01-18
1899,190,129,2010-03-29
1900,190,379,2010-11-27
1901,191,186,2017-04-18
1902,191,115,2013-06-08
1903,191,40,2018-05-13
1904,191,319,2015-06-02
1905,191,103,2016-05-05
1906,191,145,2010-08-14
1907,191,141,2017-01-08
1908,191,379,2013-08-16
1909,191,5,2011-01-10
1910,191,185,2013-03-10
1911,192,302,2016-10-13
1912,192,186,2018-01-08
1913,192,74,2013-12-04
1914,192,148,2018-07-27
1915,192,145,2014-03-05
1916,192,304,2013-02-08
1917,192,129,2012-06-07
1918,192,269,2017-02-09
1919,192,17,2010-07-08
1920,192,192,2018-04-01
1921,193,208,2016-03-21
1922,193,245,2010-11-28
1923,193,239,2017-04-05
1924,193,258,2010-06-09
1925,193,374,2015-11-18
1926,193,175,2015-08-19
1927,193,268,2017-04-12
1928,193,52,2011-03-22
1929,193,308,2012-08-19
1930,193,264,2011-10-29
1931,194,63,2010-12-23
1932,194,217,2014-07-23
1933,194,325,2012-12-12
1934,194,242,2016-09-20
1935,194,307,2014-07-22
1936,194,244,2018-10-19
1937,194,128,2017-07-27
1938,194,58,2015-09-18
1939,194,100,2010-09-09
1940,194,293,2011-09-29
1941,195,370,2018-09-28
1942,195,100,2018-01-11
1943,195,148,2018-06-06
1944,195,13,2010-03-08
1945,195,138,2012-01-10
1946,195,352,2011-09-19
1947,195,363,2014-11-07
1948,195,352,2014-07-18
1949,195,14,2015-06-24
1950,195,87,2015-07-19
1951,196,287,2010-05-13
1952,196,119,2012-01-16
1953,196,214,2014-03-24
1954,196,199,2012-01-23
1955,196,50,2018-11-24
1956,196,116,2016-02-15
1957,196,111,2018-06-23
1958,196,229,2015-10-05
1959,196,18,2018-04-02
1960,196,345,2016-12-18
1961,197,205,2013-07-08
1962,197,25,2010-09-16
1963,197,156,2018-07-30
1964,197,69,2013-01-20
1965,197,11,2014-03-03
1966,197,95,2013-10-02
1967,197,36,2013-11-21
1968,197,199,2013-09-09
1969,197,86,2014-03-26
1970,197,82,2012-11-29
1971,198,266,2011-09-06
1972,198,279,2015-06-21
1973,198,295,2018-11-27
1974,198,381,2018-08-23
1975,198,86,2015-06-11
1976,198,152,2014-07-28
1977,198,6,2018-12-10
1978,198,119,2012-05-23
1979,198,138,2015-08-25
1980,198,394,2015-12-11
1981,199,149,2015-09-26
1982,199,353,2013-12-23
1983,199,62,2015-01-19
1984,199,65,2016-08-01
1985,199,26,2015-02-07
1986,199,339,2015-09-11
1987,199,253,2011-03-05
1988,199,296,2010-06-28
1989,199,292,2010-04-25
1990,199,4,2011-05-23
1991,200,153,2014-10-24
1992,200,42,2018-10-15
1993,200,342,2015-10-24
1994,200,371,2012-06-17
1995,200,276,2010-07-29
1996,200,235,2014-05-26
1997,200,144,2012-11-23
1998,200,236,2015-07-05
1999,200,64,2011-11-17
2000,200,89,2013-08-02
2001,201,226,2011-07-26
2002,201,95,2015-09-28
2003,201,351,2011-08-06
2004,201,173,2016-09-29
2005,201,192,2012-07-12
2006,201,216,2013-09-28
2007,201,138,2015-10-05
2008,201,79,2012-06-08
2009,201,344,2017-01-07
2010,201,336,2014-11-10
2011,202,298,2014-10-08
2012,202,154,2018-01-13
2013,202,367,2014-03-12
2014,202,77,2010-05-28
2015,202,349,2017-02-06
2016,202,130,2018-08-21
2017,202,149,2012-11-27
2018,202,13,2014-11-17
2019,202,269,2011-01-02
2020,202,216,2016-08-17
2021,203,173,2013-08-12
2022,203,331,2011-12-04
2023,203,347,2016-12-15
2024,203,97,2014-05-28
2025,203,53,2013-01-20
2026,203,82,2010-03-30
2027,203,202,2018-01-23
2028,203,387,2010-10-09
2029,203,192,2011-03-04
2030,203,344,2013-07-02
2031,204,294,2018-04-19
2032,204,324,2013-06-11
2033,204,194,2018-05-22
2034,204,274,2017-03-03
2035,204,277,2011-12-31
2036,204,3,2018-08-14
2037,204,312,2017-11-19
2038,204,361,2014-10-22
2039,204,241,2011-07-31
2040,204,218,2015-07-18
2041,205,282,2015-10-14
2042,205,224,2016-08-13
2043,205,180,2010-11-26
2044,205,270,2013-11-14
2045,205,218,2018-02-15
2046,205,285,2011-04-23
2047,205,392,2016-11-28
2048,205,77,2016-01-14
2049,205,257,2015-01-09
2050,205,234,2018-06-22
2051,206,102,2013-06-05
2052,206,288,2016-02-20
2053,206,227,2011-03-15
2054,206,220,2013-11-24
2055,206,143,2010-04-02
2056,206,2,2013-12-30
2057,206,251,2018-08-16
2058,206,17,2018-05-04
2059,206,296,2013-03-28
2060,206,2,2013-09-04
2061,207,274,2012-12-03
2062,207,174,2017-10-20
2063,207,237,2012-11-17
2064,207,35,2017-05-26
2065,207,260,2018-02-27
2066,207,288,2018-02-08
2067,207,170,2011-10-31
2068,207,179,2016-01-20
2069,207,344,2016-03-09
2070,207,400,2011-05-20
2071,208,306,2010-11-28
2072,208,274,2015-03-23
2073,208,144,2012-01-31
2074,208,154,2012-07-31
2075,208,53,2014-02-25
2076,208,31,2010-09-30
2077,208,92,2012-07-07
2078,208,115,2016-11-05
2079,208,363,2013-11-27
2080,208,50,2012-11-29
2081,209,169,2014-08-31
2082,209,36,2012-07-07
2083,209,273,2013-04-15
2084,209,231,2014-09-25
2085,209,264,2018-07-24
2086,209,266,2012-10-27
2087,209,248,2018-12-20
2088,209,216,2017-10-08
2089,209,243,2017-06-10
2090,209,345,2013-06-25
2091,210,351,2015-10-05
2092,210,81,2010-02-14
2093,210,400,2017-07-20
2094,210,6,2012-04-15
2095,210,310,2018-08-22
2096,210,183,2011-08-01
2097,210,88,2010-10-19
2098,210,47,2017-06-27
2099,210,313,2018-04-30
2100,210,27,2018-12-05
2101,211,322,2012-05-20
2102,211,134,2017-11-08
2103,211,77,2011-06-02
2104,211,141,2011-06-26
2105,211,253,2014-02-14
2106,211,108,2013-08-31
2107,211,261,2017-09-14
2108,211,159,2018-05-16
2109,211,396,2018-05-03
2110,211,323,2014-07-01
2111,212,35,2018-03-07
2112,212,181,2016-08-27
2113,212,113,2015-11-02
2114,212,194,2018-01-08
2115,212,248,2010-11-30
2116,212,387,2010-12-15
2117,212,137,2018-04-12
2118,212,333,2010-04-12
2119,212,357,2017-12-03
2120,212,180,2014-03-10
2121,213,144,2016-09-19
2122,213,182,2011-07-11
2123,213,390,2015-09-21
2124,213,196,2010-02-16
2125,213,87,2016-07-16
2126,213,352,2016-10-05
2127,213,354,2014-11-11
2128,213,95,2014-11-21
2129,213,382,2011-10-03
2130,213,90,2016-01-14
2131,214,287,2013-01-15
2132,214,29,2012-08-05
2133,214,98,2018-09-27
2134,214,335,2012-08-11
2135,214,41,2016-07-17
2136,214,250,2015-06-28
2137,214,137,2017-06-30
2138,214,372,2016-04-02
2139,214,376,2014-07-12
2140,214,84,2017-11-06
2141,215,154,2011-08-19
2142,215,332,2018-07-24
2143,215,307,2018-03-16
2144,215,79,2013-07-15
2145,215,73,2015-01-18
2146,215,95,2010-10-20
2147,215,328,2015-05-11
2148,215,13,2011-04-18
2149,215,246,2018-02-23
2150,215,309,2016-06-24
2151,216,309,2010-02-24
2152,216,18,2017-07-27
2153,216,194,2016-01-03
2154,216,239,2018-03-10
2155,216,115,2013-04-04
2156,216,241,2017-12-07
2157,216,322,2010-08-11
2158,216,395,2015-08-25
2159,216,28,2010-08-04
2160,216,216,2017-02-13
2161,217,186,2013-07-04
2162,217,308,2018-08-11
2163,217,397,2012-07-25
2164,217,255,2014-02-24
2165,217,135,2012-08-31
2166,217,218,2016-03-16
2167,217,268,2014-01-04
2168,217,293,2017-10-07
2169,217,368,2014-11-27
2170,217,161,2016-09-14
2171,218,4,2012-02-12
2172,218,190,2015-12-09
2173,218,239,2017-08-25
2174,218,190,2017-05-04
2175,218,52,2018-01-29
2176,218,64,2012-07-05
2177,218,30,2016-04-30
2178,218,112,2010-05-18
2179,218,361,2015-09-03
2180,218,329,2016-05-19
2181,219,298,2016-09-12
2182,219,99,2010-05-12
2183,219,40,2013-01-10
2184,219,345,2016-01-12
2185,219,214,2011-01-13
2186,219,165,2015-09-29
2187,219,254,2011-03-16
2188,219,87,2010-02-09
2189,219,37,2016-06-29
2190,219,51,2014-01-23
2191,220,289,2016-02-16
2192,220,251,2018-08-21
2193,220,38,2018-02-12
2194,220,35,2014-02-01
2195,220,117,2018-06-05
2196,220,156,2016-08-06
2197,220,29,2011-12-21
2198,220,211,2011-01-13
2199,220,28,2012-11-01
2200,220,190,2012-01-20
2201,221,174,2018-07-14
2202,221,363,2013-03-13
2203,221,241,2013-08-19
2204,221,127,2014-05-18
2205,221,326,2015-07-04
2206,221,210,2017-10-28
2207,221,121,2018-03-28
2208,221,365,2014-08-09
2209,221,225,2011-09-30
2210,221,1,2017-08-05
2211,222,378,2014-08-18
2212,222,220,2016-06-01
2213,222,199,2014-10-24
2214,222,301,2011-05-23
2215,222,315,2016-05-14
2216,222,209,2015-11-02
2217,222,250,2013-12-24
2218,222,147,2017-06-19
2219,222,128,2011-06-05
2220,222,357,2018-08-17
2221,223,244,2016-03-20
2222,223,383,2018-05-15
2223,223,70,2016-07-14
2224,223,27,2010-12-13
2225,223,322,2012-07-16
2226,223,306,2012-09-26
2227,223,301,2015-04-07
2228,223,384,2013-10-24
2229,223,299,2014-06-02
2230,223,271,2015-10-17
2231,224,288,2018-11-02
2232,224,10,2017-01-22
2233,224,151,2016-11-25
2234,224,40,2015-04-14
2235,224,329,2012-04-18
2236,224,186,2012-10-29
2237,224,359,2015-10-17
2238,224,119,2017-07-03
2239,224,114,2016-11-12
2240,224,55,2016-11-08
2241,225,381,2013-10-28
2242,225,234,2011-12-31
2243,225,203,2018-01-06
2244,225,142,2012-01-23
2245,225,107,2015-03-18
2246,225,236,2011-01-04
2247,225,202,2010-08-31
2248,225,106,2017-12-18
2249,225,261,2011-02-23
2250,225,193,2018-02-18
2251,226,90,2010-10-28
2252,226,47,2017-02-07
2253,226,294,2016-02-05
2254,226,303,2010-03-15
2255,226,210,2014-09-02
2256,226,15,2010-04-18
2257,226,290,2010-01-02
2258,226,299,2017-10-20
2259,226,320,2011-02-13
2260,226,365,2010-10-31
2261,227,285,2017-11-13
2262,227,349,2018-05-16
2263,227,395,2017-11-06
2264,227,319,2016-09-15
2265,227,262,2012-02-23
2266,227,4,2010-09-24
2267,227,171,2017-11-17
2268,227,291,2017-10-28
2269,227,270,2017-06-01
2270,227,76,2014-04-03
2271,228,366,2012-10-05
2272,228,139,2012-11-01
2273,228,256,2014-01-18
2274,228,62,2011-06-11
2275,228,210,2011-11-15
2276,228,252,2011-12-18
2277,228,198,2011-03-13
2278,228,3,2017-08-05
2279,228,312,2015-10-25
2280,228,181,2012-06-19
2281,229,226,2013-09-15
2282,229,285,2010-10-30
2283,229,319,2013-03-31
2284,229,159,2014-02-14
2285,229,64,2018-08-01
2286,229,110,2015-11-21
2287,229,334,2013-06-05
2288,229,182,2016-10-22
2289,229,145,2015-04-20
2290,229,325,2014-10-15
2291,230,230,2013-10-19
2292,230,177,2014-07-03
2293,230,311,2015-01-11
2294,230,14,2013-08-30
2295,230,66,2010-10-14
2296,230,98,2010-07-27
2297,230,351,2016-09-28
2298,230,80,2014-03-13
2299,230,381,2010-02-02
2300,230,229,2016-04-03
2301,231,4,2011-08-12
2302,231,32,2015-11-06
2303,231,221,2010-03-29
2304,231,33,2015-04-17
2305,231,252,2016-03-10
2306,231,231,2012-09-14
2307,231,43,2011-09-06
2308,231,154,2011-12-09
2309,231,385,2013-06-14
2310,231,8,2013-10-28
2311,232,300,2016-11-17
2312,232,44,2010-09-21
2313,232,80,2012-08-24
2314,232,257,2010-11-20
2315,232,375,2011-04-28
2316,232,50,2016-09-28
2317,232,42,2015-11-06
2318,232,274,2017-11-10
2319,232,203,2015-01-16
2320,232,385,2015-12-27
2321,233,263,2015-02-15
2322,233,246,2013-08-31
2323,233,137,2011-10-14
2324,233,171,2011-12-15
2325,233,39,2018-05-02
2326,233,201,2012-05-07
2327,233,118,2012-12-25
2328,233,55,2018-12-11
2329,233,143,2012-09-16
2330,233,250,2010-12-02
2331,234,342,2012-12-05
2332,234,322,2016-11-26
2333,234,106,2018-06-09
2334,234,75,2011-12-21
2335,234,45,2018-12-13
2336,234,206,2017-03-22
2337,234,13,2010-12-31
2338,234,76,2010-05-28
2339,234,44,2010-02-10
2340,234,131,2016-02-11
2341,235,155,2012-06-18
2342,235,130,2018-07-11
2343,235,370,2012-06-10
2344,235,15,2017-06-17
2345,235,160,2013-07-14
2346,235,335,2018-12-13
2347,235,36,2011-07-27
2348,235,274,2017-09-24
2349,235,38,2013-12-27
2350,235,375,2011-06-27
2351,236,196,2012-05-07
2352,236,205,2017-02-14
2353,236,364,2016-07-02
2354,236,8,2011-02-10
2355,236,126,2017-05-05
2356,236,108,2018-11-20
2357,236,212,2018-03-07
2358,236,324,2013-10-20
2359,236,145,2016-04-11
2360,236,339,2018-03-29
2361,237,156,2010-11-25
2362,237,95,2010-03-05
2363,237,31,2015-11-24
2364,237,154,2010-11-24
2365,237,242,2014-05-08
2366,237,52,2011-10-31
2367,237,57,2017-02-04
2368,237,204,2013-07-18
2369,237,247,2017-06-01
2370,237,206,2015-12-25
2371,238,237,2013-08-29
2372,238,333,2016-09-13
2373,238,123,2010-04-21
2374,238,307,2018-01-19
2375,238,7,2013-10-13
2376,238,133,2016-05-20
2377,238,32,2016-07-28
2378,238,228,2013-01-29
2379,238,377,2018-05-17
2380,238,222,2012-11-09
2381,239,108,2017-06-22
2382,239,65,2018-01-04
2383,239,177,2018-12-08
2384,239,77,2012-11-30
2385,239,180,2018-08-18
2386,239,138,2011-11-23
2387,239,315,2016-09-11
2388,239,49,2016-04-14
2389,239,20,2013-07-28
2390,239,393,2010-05-02
2391,240,283,2016-03-30
2392,240,262,2015-02-06
2393,240,344,2010-03-25
2394,240,166,2014-11-23
2395,240,339,2013-10-18
2396,240,239,2012-12-28
2397,240,62,2011-01-14
2398,240,266,2014-04-16
2399,240,27,2014-07-07
2400,240,150,2016-12-28
2401,241,92,2017-04-14
2402,241,44,2015-06-19
2403,241,316,2012-09-24
2404,241,149,2015-10-26
2405,241,47,2017-01-26
2406,241,64,2016-06-09
2407,241,176,2015-03-19
2408,241,362,2018-06-26
2409,241,106,2014-09-04
2410,241,274,2015-11-11
2411,242,391,2012-02-20
2412,242,187,2011-09-11
2413,242,61,2012-03-27
2414,242,196,2010-04-24
2415,242,348,2012-01-13
2416,242,130,2016-03-03
2417,242,117,2015-11-12
2418,242,102,2013-06-18
2419,242,250,2010-01-10
2420,242,45,2010-07-02
2421,243,280,2017-07-14
2422,243,280,2018-12-12
2423,243,253,2018-08-28
2424,243,108,2012-11-09
2425,243,333,2010-10-04
2426,243,280,2015-11-20
2427,243,22,2018-07-01
2428,243,130,2017-05-30
2429,243,126,2017-10-09
2430,243,84,2013-09-21
2431,244,76,2015-10-18
2432,244,281,2010-09-24
2433,244,126,2014-07-10
2434,244,176,2010-09-11
2435,244,225,2016-11-27
2436,244,7,2013-06-12
2437,244,123,2010-07-15
2438,244,42,2014-03-18
2439,244,333,2015-02-04
2440,244,8,2017-12-22
2441,245,190,2012-12-10
2442,245,121,2017-07-12
2443,245,255,2012-03-29
2444,245,276,2014-01-15
2445,245,229,2013-01-17
2446,245,274,2014-10-13
2447,245,164,2010-05-22
2448,245,207,2012-01-16
2449,245,150,2016-02-05
2450,245,386,2010-01-26
2451,246,328,2018-12-27
2452,246,302,2016-02-16
2453,246,152,2011-08-07
2454,246,247,2010-09-18
2455,246,341,2010-06-14
2456,246,202,2012-01-20
2457,246,305,2010-11-28
2458,246,371,2012-09-22
2459,246,309,2013-03-11
2460,246,214,2017-12-24
2461,247,112,2013-06-15
2462,247,180,2017-06-03
2463,247,374,2010-07-17
2464,247,134,2018-12-10
2465,247,234,2016-07-25
2466,247,316,2014-05-21
2467,247,356,2017-06-24
2468,247,352,2013-06-28
2469,247,54,2011-05-15
2470,247,111,2013-06-23
2471,248,210,2014-07-20
2472,248,238,2011-09-25
2473,248,395,2015-04-18
2474,248,176,2017-04-02
2475,248,115,2012-10-04
2476,248,57,2015-12-10
2477,248,308,2018-03-13
2478,248,374,2011-01-03
2479,248,156,2018-10-08
2480,248,69,2011-08-06
2481,249,63,2012-06-18
2482,249,234,2016-04-25
2483,249,90,2010-07-30
2484,249,32,2011-11-05
2485,249,255,2015-05-17
2486,249,37,2010-06-11
2487,249,301,2011-07-18
2488,249,312,2016-09-04
2489,249,254,2014-09-15
2490,249,336,2015-01-15
2491,250,285,2018-09-10
2492,250,315,2013-10-09
2493,250,282,2010-07-22
2494,250,276,2012-03-16
2495,250,359,2011-11-12
2496,250,387,2017-10-12
2497,250,23,2015-01-22
2498,250,219,2018-06-12
2499,250,318,2018-08-20
2500,250,336,2011-01-02
2501,251,15,2015-06-18
2502,251,285,2010-11-08
2503,251,375,2014-05-06
2504,251,94,2018-08-21
2505,251,42,2016-02-10
2506,251,175,2017-06-30
2507,251,122,2016-08-12
2508,251,52,2016-11-25
2509,251,227,2015-05-14
2510,251,159,2012-04-30
2511,252,120,2013-07-23
2512,252,356,2014-03-10
2513,252,112,2016-03-03
2514,252,169,2013-11-16
2515,252,235,2011-10-21
2516,252,5,2018-12-18
2517,252,128,2010-09-11
2518,252,48,2018-01-20
2519,252,125,2012-09-17
2520,252,74,2013-03-10
2521,253,303,2010-03-19
2522,253,256,2012-07-02
2523,253,76,2010-02-05
2524,253,232,2010-10-11
2525,253,314,2016-01-08
2526,253,152,2015-08-02
2527,253,310,2014-05-24
2528,253,321,2017-11-17
2529,253,121,2016-08-13
2530,253,189,2013-07-24
2531,254,372,2014-03-17
2532,254,104,2011-05-20
2533,254,198,2016-11-10
2534,254,394,2018-06-12
2535,254,256,2017-03-05
2536,254,103,2015-04-21
2537,254,327,2016-08-26
2538,254,273,2014-06-26
2539,254,258,2013-07-14
2540,254,72,2011-10-22
2541,255,232,2016-08-26
2542,255,85,2013-06-02
2543,255,382,2017-03-27
2544,255,213,2014-03-03
2545,255,272,2017-11-09
2546,255,288,2015-01-28
2547,255,158,2012-02-22
2548,255,98,2013-02-01
2549,255,385,2012-03-27
2550,255,42,2013-06-19
2551,256,149,2017-02-22
2552,256,246,2013-05-16
2553,256,340,2014-08-03
2554,256,399,2013-05-10
2555,256,319,2012-12-21
2556,256,352,2014-02-13
2557,256,205,2012-08-20
2558,256,62,2015-05-02
2559,256,182,2011-03-07
2560,256,292,2016-12-04
2561,257,16,2012-10-28
2562,257,124,2016-03-21
2563,257,49,2015-09-09
2564,257,347,2018-08-14
2565,257,187,2014-09-10
2566,257,43,2012-01-05
2567,257,161,2010-05-23
2568,257,154,2010-12-18
2569,257,274,2017-06-11
2570,257,330,2018-08-09
2571,258,27,2014-02-05
2572,258,115,2010-05-04
2573,258,275,2013-02-06
2574,258,374,2012-12-31
2575,258,122,2017-10-06
2576,258,197,2010-07-26
2577,258,145,2010-09-14
2578,258,219,2014-11-22
2579,258,17,2014-01-10
2580,258,277,2010-05-02
2581,259,296,2011-09-02
2582,259,132,2013-07-10
2583,259,325,2017-05-01
2584,259,342,2012-12-16
2585,259,61,2017-08-24
2586,259,209,2011-04-22
2587,259,202,2017-04-04
2588,259,345,2012-03-16
2589,259,7,2013-05-21
2590,259,290,2012-08-05
2591,260,61,2010-08-26
2592,260,61,2011-08-23
2593,260,60,2017-02-07
2594,260,219,2015-02-24
2595,260,292,2017-08-28
2596,260,297,2012-12-05
2597,260,1,2017-06-13
2598,260,144,2013-09-05
2599,260,144,2010-02-23
2600,260,52,2014-02-03
2601,261,384,2015-12-30
2602,261,332,2018-11-20
2603,261,176,2013-01-17
2604,261,307,2010-05-06
2605,261,144,2012-01-13
2606,261,377,2012-01-13
2607,261,383,2016-06-15
2608,261,130,2017-12-28
2609,261,23,2017-04-13
2610,261,195,2010-07-14
2611,262,196,2011-02-06
2612,262,379,2012-05-29
2613,262,190,2012-06-10
2614,262,257,2014-08-12
2615,262,207,2016-06-14
2616,262,309,2016-06-09
2617,262,268,2010-01-14
2618,262,172,2012-09-19
2619,262,395,2018-09-26
2620,262,187,2013-05-21
2621,263,28,2018-04-14
2622,263,187,2016-06-16
2623,263,138,2018-03-13
2624,263,112,2012-08-06
2625,263,358,2013-07-02
2626,263,94,2012-12-15
2627,263,371,2012-11-21
2628,263,107,2017-06-24
2629,263,312,2015-04-24
2630,263,58,2015-06-06
2631,264,6,2010-06-03
2632,264,182,2012-05-13
2633,264,155,2016-07-07
2634,264,278,2014-02-28
2635,264,32,2011-08-31
2636,264,377,2016-08-10
2637,264,75,2018-05-08
2638,264,370,2016-09-20
2639,264,199,2016-12-03
2640,264,199,2016-03-12
2641,265,44,2011-08-23
2642,265,294,2017-01-17
2643,265,131,2012-10-31
2644,265,167,2018-06-06
2645,265,307,2018-02-18
2646,265,318,2014-11-03
2647,265,371,2015-06-21
2648,265,266,2017-06-01
2649,265,328,2016-08-08
2650,265,162,2018-11-11
2651,266,344,2017-07-15
2652,266,364,2018-12-25
2653,266,367,2017-02-19
2654,266,239,2013-11-10
2655,266,48,2014-02-06
2656,266,355,2015-12-29
2657,266,186,2012-09-24
2658,266,103,2010-06-22
2659,266,284,2017-07-22
2660,266,380,2014-04-02
2661,267,214,2010-06-01
2662,267,219,2014-04-21
2663,267,42,2010-05-05
2664,267,6,2013-06-27
2665,267,179,2011-07-28
2666,267,314,2017-05-25
2667,267,372,2011-09-12
2668,267,94,2012-02-05
2669,267,321,2018-08-28
2670,267,108,2017-03-27
2671,268,81,2015-07-16
2672,268,214,2014-07-10
2673,268,96,2016-12-12
2674,268,92,2011-10-14
2675,268,19,2015-02-01
2676,268,155,2016-12-04
2677,268,155,2014-04-05
2678,268,336,2011-12-29
2679,268,390,2010-02-05
2680,268,170,2018-07-24
2681,269,327,2015-04-19
2682,269,220,2018-01-05
2683,269,287,2010-11-03
2684,269,232,2016-07-31
2685,269,358,2013-08-08
2686,269,246,2010-06-10
2687,269,80,2018-05-09
2688,269,370,2011-08-01
2689,269,356,2011-08-11
2690,269,386,2011-09-25
2691,270,352,2015-08-14
2692,270,391,2018-12-23
2693,270,140,2018-10-26
2694,270,274,2016-08-04
2695,270,377,2014-03-05
2696,270,159,2016-02-18
2697,270,70,2014-08-10
2698,270,6,2013-11-01
2699,270,113,2017-11-16
2700,270,274,2010-08-03
2701,271,385,2010-08-25
2702,271,310,2015-08-19
2703,271,326,2018-02-01
2704,271,343,2011-05-17
2705,271,312,2015-04-21
2706,271,264,2017-07-29
2707,271,327,2012-08-12
2708,271,54,2011-01-08
2709,271,255,2016-07-19
2710,271,101,2016-12-13
2711,272,49,2013-10-16
2712,272,78,2017-09-27
2713,272,165,2013-10-03
2714,272,116,2012-03-28
2715,272,333,2018-10-17
2716,272,79,2011-09-08
2717,272,306,2012-03-26
2718,272,339,2017-09-08
2719,272,186,2014-07-11
2720,272,306,2010-06-20
2721,273,130,2017-09-01
2722,273,316,2013-03-19
2723,273,264,2010-08-29
2724,273,296,2011-12-31
2725,273,391,2012-12-03
2726,273,260,2016-10-22
2727,273,210,2011-09-19
2728,273,274,2010-02-14
2729,273,216,2016-07-12
2730,273,122,2013-11-23
2731,274,211,2018-08-10
2732,274,96,2014-06-14
2733,274,60,2011-03-21
2734,274,285,2010-06-16
2735,274,153,2010-10-15
2736,274,264,2012-03-14
2737,274,353,2011-07-23
2738,274,377,2015-05-08
2739,274,253,2015-10-21
2740,274,137,2012-09-08
2741,275,374,2018-07-02
2742,275,9,2015-01-24
2743,275,30,2012-12-08
2744,275,303,2011-11-19
2745,275,145,2010-07-18
2746,275,244,2013-07-31
2747,275,18,2015-05-30
2748,275,114,2013-01-25
2749,275,200,2010-06-27
2750,275,83,2014-06-18
2751,276,16,2013-03-06
2752,276,137,2016-12-30
2753,276,174,2013-06-29
2754,276,227,2018-08-06
2755,276,116,2018-04-15
2756,276,102,2013-04-27
2757,276,375,2015-12-18
2758,276,309,2013-07-04
2759,276,287,2014-08-23
2760,276,331,2012-08-21
2761,277,283,2018-04-10
2762,277,16,2016-10-04
2763,277,390,2017-03-26
2764,277,389,2015-01-05
2765,277,152,2014-01-17
2766,277,264,2012-05-13
2767,277,278,2015-07-01
2768,277,149,2012-01-10
2769,277,72,2014-05-20
2770,277,246,2011-11-21
2771,278,190,2015-08-20
2772,278,152,2012-02-02
2773,278,301,2013-06-24
2774,278,277,2011-06-23
2775,278,5,2018-09-03
2776,278,18,2017-08-11
2777,278,215,2012-06-09
2778,278,149,2012-05-03
2779,278,23,2011-10-20
2780,278,214,2015-01-09
2781,279,47,2018-12-05
2782,279,102,2017-01-07
2783,279,389,2018-10-20
2784,279,287,2016-12-26
2785,279,273,2015-03-09
2786,279,306,2018-08-11
2787,279,366,2010-12-08
2788,279,154,2014-01-17
2789,279,230,2015-03-06
2790,279,342,2014-10-26
2791,280,30,2012-08-20
2792,280,35,2017-04-01
2793,280,161,2010-07-12
2794,280,235,2013-10-09
2795,280,331,2011-09-29
2796,280,345,2013-09-25
2797,280,64,2014-10-16
2798,280,99,2018-10-09
2799,280,101,2016-10-02
2800,280,168,2015-02-17
2801,281,255,2012-07-02
2802,281,310,2012-08-12
2803,281,28,2011-03-20
2804,281,336,2012-11-17
2805,281,322,2011-02-09
2806,281,45,2016-01-20
2807,281,361,2012-11-01
2808,281,345,2016-12-27
2809,281,16,2016-05-22
2810,281,194,2015-06-27
2811,282,72,2018-04-01
2812,282,349,2016-12-11
2813,282,324,2012-09-17
2814,282,236,2018-11-25
2815,282,299,2013-12-06
2816,282,169,2015-10-27
2817,282,131,2015-05-21
2818,282,107,2017-09-25
2819,282,196,2010-09-17
2820,282,25,2011-07-06
2821,283,393,2015-11-26
2822,283,216,2014-07-20
2823,283,120,2017-12-22
2824,283,289,2014-08-02
2825,283,156,2018-02-03
2826,283,338,2017-04-30
2827,283,86,2018-09-19
2828,283,23,2017-09-13
2829,283,274,2015-04-07
2830,283,365,2018-10-18
2831,284,227,2015-05-30
2832,284,168,2015-05-29
2833,284,67,2015-09-04
2834,284,213,2014-02-15
2835,284,273,2010-08-12
2836,284,237,2015-08-27
2837,284,198,2013-08-14
2838,284,8,2015-05-17
2839,284,400,2011-07-24
2840,284,386,2016-01-30
2841,285,158,2016-10-19
2842,285,322,2014-01-11
2843,285,220,2013-08-18
2844,285,316,2015-07-28
2845,285,95,2017-12-17
2846,285,31,2014-10-20
2847,285,289,2011-09-21
2848,285,49,2018-02-10
2849,285,193,2017-01-09
2850,285,296,2016-11-22
2851,286,212,2016-10-12
2852,286,183,2014-12-16
2853,286,208,2010-07-22
2854,286,35,2018-06-08
2855,286,380,2010-04-21
2856,286,142,2017-09-04
2857,286,93,2016-11-09
2858,286,125,2018-06-06
2859,286,381,2017-02-17
2860,286,46,2011-10-03
2861,287,287,2014-02-15
2862,287,290,2016-11-06
2863,287,213,2014-12-21
2864,287,92,2010-04-28
2865,287,162,2018-11-17
2866,287,214,2017-06-14
2867,287,378,2011-01-11
2868,287,140,2016-12-09
2869,287,167,2018-12-23
2870,287,364,2015-10-30
2871,288,68,2014-08-13
2872,288,341,2010-04-23
2873,288,13,2011-09-02
2874,288,176,2013-09-03
2875,288,73,2011-12-30
2876,288,294,2010-10-03
2877,288,17,2018-12-15
2878,288,102,2014-09-18
2879,288,259,2017-04-18
2880,288,41,2014-10-27
2881,289,272,2010-08-21
2882,289,176,2014-04-02
2883,289,64,2010-03-03
2884,289,90,2017-10-23
2885,289,158,2013-03-01
2886,289,345,2013-08-12
2887,289,78,2015-01-17
2888,289,273,2016-11-23
2889,289,308,2016-03-09
2890,289,382,2017-09-19
2891,290,91,2014-09-06
2892,290,286,2012-09-08
2893,290,256,2010-03-02
2894,290,201,2010-08-11
2895,290,123,2012-06-29
2896,290,253,2013-06-08
2897,290,213,2011-02-12
2898,290,263,2013-04-21
2899,290,140,2012-01-13
2900,290,202,2017-08-12
2901,291,13,2015-09-02
2902,291,295,2016-10-27
2903,291,286,2013-10-17
2904,291,15,2010-12-29
2905,291,385,2013-08-20
2906,291,10,2015-05-13
2907,291,234,2016-11-24
2908,291,121,2014-02-26
2909,291,274,2015-06-02
2910,291,190,2013-07-20
2911,292,180,2010-06-02
2912,292,336,2015-06-21
2913,292,65,2011-03-30
2914,292,237,2014-06-09
2915,292,103,2015-09-18
2916,292,237,2014-09-04
2917,292,112,2018-05-18
2918,292,185,2012-07-12
2919,292,210,2018-04-09
2920,292,355,2012-11-05
2921,293,317,2010-04-26
2922,293,145,2014-08-03
2923,293,258,2016-04-18
2924,293,20,2014-12-17
2925,293,40,2018-02-09
2926,293,343,2017-11-25
2927,293,289,2010-10-10
2928,293,366,2017-06-20
2929,293,32,2012-12-08
2930,293,106,2014-10-06
2931,294,107,2012-01-30
2932,294,222,2015-07-15
2933,294,364,2011-01-29
2934,294,346,2012-08-02
2935,294,360,2015-11-11
2936,294,143,2016-08-21
2937,294,35,2013-10-16
2938,294,293,2010-03-16
2939,294,390,2015-07-19
2940,294,42,2013-01-20
2941,295,340,2010-01-10
2942,295,202,2014-02-14
2943,295,212,2017-05-13
2944,295,208,2013-03-22
2945,295,343,2013-01-13
2946,295,92,2018-07-07
2947,295,282,2012-02-26
2948,295,340,2014-10-14
2949,295,381,2014-08-09
2950,295,297,2011-09-23
2951,296,172,2013-09-30
2952,296,6,2010-02-13
2953,296,159,2015-11-29
2954,296,377,2016-10-24
2955,296,30,2017-10-04
2956,296,89,2018-03-06
2957,296,95,2012-10-20
2958,296,53,2016-10-11
2959,296,395,2012-03-14
2960,296,266,2018-01-10
2961,297,226,2018-04-23
2962,297,296,2013-06-03
2963,297,379,2016-01-27
2964,297,152,2012-04-11
2965,297,313,2014-12-30
2966,297,135,2014-05-06
2967,297,11,2015-07-18
2968,297,13,2018-03-24
2969,297,363,2016-03-10
2970,297,282,2013-03-29
2971,298,22,2011-10-20
2972,298,169,2015-05-30
2973,298,115,2013-01-28
2974,298,67,2013-05-27
2975,298,322,2010-10-20
2976,298,286,2018-12-16
2977,298,400,2012-02-15
2978,298,20,2011-11-03
2979,298,15,2011-04-14
2980,298,309,2010-11-11
2981,299,23,2014-08-12
2982,299,192,2016-03-28
2983,299,12,2015-01-10
2984,299,92,2010-09-09
2985,299,51,2016-02-17
2986,299,87,2013-04-03
2987,299,72,2013-03-22
2988,299,330,2012-08-25
2989,299,243,2016-12-13
2990,299,318,2011-10-25
2991,300,344,2012-02-08
2992,300,145,2015-09-02
2993,300,70,2017-10-29
2994,300,387,2015-10-30
2995,300,397,2018-05-26
2996,300,149,2018-06-20
2997,300,346,2012-06-04
2998,300,175,2015-08-20
2999,300,49,2016-05-05
3000,300,34,2016-10-05
3001,301,112,2017-03-21
3002,301,138,2018-05-13
3003,301,278,2016-01-29
3004,301,248,2014-07-16
3005,301,222,2013-04-25
3006,301,164,2014-08-11
3007,301,240,2013-05-12
3008,301,2,2015-11-20
3009,301,14,2011-11-27
3010,301,304,2010-02-21
3011,302,119,2015-01-27
3012,302,228,2012-12-15
3013,302,172,2010-05-26
3014,302,15,2013-03-10
3015,302,261,2018-11-19
3016,302,241,2017-03-05
3017,302,312,2016-12-22
3018,302,73,2018-04-08
3019,302,271,2013-06-29
3020,302,17,2016-11-09
3021,303,312,2013-04-17
3022,303,83,2013-03-20
3023,303,269,2018-09-09
3024,303,213,2014-09-21
3025,303,67,2015-11-22
3026,303,48,2011-01-13
3027,303,141,2016-10-13
3028,303,15,2015-08-24
3029,303,269,2010-02-03
3030,303,327,2013-11-08
3031,304,348,2016-07-01
3032,304,90,2010-07-27
3033,304,387,2016-02-17
3034,304,114,2015-03-07
3035,304,369,2012-06-19
3036,304,195,2012-10-25
3037,304,125,2015-07-12
3038,304,99,2017-12-05
3039,304,59,2013-03-03
3040,304,333,2010-09-07
3041,305,359,2010-08-04
3042,305,380,2010-03-27
3043,305,106,2013-07-30
3044,305,247,2017-07-02
3045,305,387,2016-08-26
3046,305,130,2015-07-02
3047,305,103,2016-01-17
3048,305,140,2011-12-01
3049,305,163,2014-07-30
3050,305,199,2014-12-21
3051,306,282,2012-07-10
3052,306,48,2010-04-01
3053,306,63,2011-03-29
3054,306,70,2014-06-03
3055,306,25,2018-02-20
3056,306,125,2011-05-04
3057,306,293,2014-02-28
3058,306,22,2012-05-22
3059,306,240,2012-09-17
3060,306,289,2012-08-17
3061,307,168,2010-05-02
3062,307,359,2013-12-19
3063,307,271,2016-02-24
3064,307,400,2014-12-25
3065,307,141,2018-06-14
3066,307,67,2010-10-25
3067,307,384,2013-03-14
3068,307,317,2011-06-26
3069,307,138,2016-06-28
3070,307,21,2013-02-22
3071,308,210,2012-01-10
3072,308,15,2018-07-11
3073,308,313,2014-07-30
3074,308,121,2011-07-20
3075,308,24,2010-02-05
3076,308,371,2013-02-17
3077,308,218,2012-06-10
3078,308,11,2013-10-01
3079,308,169,2016-11-23
3080,308,30,2015-07-14
3081,309,167,2015-11-09
3082,309,355,2016-10-19
3083,309,180,2012-03-07
3084,309,382,2016-09-22
3085,309,69,2016-05-11
3086,309,148,2017-03-21
3087,309,77,2010-03-04
3088,309,335,2011-02-02
3089,309,89,2014-12-06
3090,309,368,2011-08-28
3091,310,76,2011-10-31
3092,310,269,2011-07-11
3093,310,94,2015-11-19
3094,310,310,2016-02-02
3095,310,63,2017-08-11
3096,310,304,2017-07-05
3097,310,252,2016-02-26
3098,310,26,2011-01-17
3099,310,327,2015-05-20
3100,310,335,2015-11-13
3101,311,317,2012-01-17
3102,311,314,2010-10-30
3103,311,54,2010-04-05
3104,311,370,2012-03-14
3105,311,2,2014-07-15
3106,311,340,2018-04-11
3107,311,137,2018-03-13
3108,311,384,2017-09-29
3109,311,357,2017-10-21
3110,311,140,2014-10-10
3111,312,333,2017-07-16
3112,312,32,2017-10-11
3113,312,9,2012-05-27
3114,312,65,2010-03-18
3115,312,320,2015-11-29
3116,312,366,2011-08-20
3117,312,52,2015-11-23
3118,312,294,2016-04-10
3119,312,312,2011-06-04
3120,312,53,2011-03-17
3121,313,215,2017-04-01
3122,313,88,2016-01-16
3123,313,174,2012-10-08
3124,313,367,2010-06-14
3125,313,114,2010-07-04
3126,313,132,2010-11-06
3127,313,347,2010-04-25
3128,313,188,2010-03-13
3129,313,151,2011-05-18
3130,313,372,2016-05-15
3131,314,106,2010-03-24
3132,314,187,2018-03-02
3133,314,15,2017-04-30
3134,314,77,2014-03-16
3135,314,103,2010-02-05
3136,314,129,2015-09-02
3137,314,233,2017-03-30
3138,314,187,2010-04-13
3139,314,147,2010-11-30
3140,314,391,2012-08-07
3141,315,66,2013-04-22
3142,315,235,2011-04-04
3143,315,154,2013-12-29
3144,315,152,2010-05-22
3145,315,291,2015-04-05
3146,315,221,2012-09-23
3147,315,64,2018-11-15
3148,315,235,2014-04-21
3149,315,55,2018-07-15
3150,315,102,2011-03-09
3151,316,158,2016-02-08
3152,316,212,2018-12-21
3153,316,380,2014-04-05
3154,316,340,2012-05-01
3155,316,325,2010-03-25
3156,316,325,2018-12-23
3157,316,189,2016-09-20
3158,316,138,2013-04-21
3159,316,3,2018-11-07
3160,316,238,2015-02-09
3161,317,263,2015-01-02
3162,317,149,2012-01-05
3163,317,274,2018-01-20
3164,317,22,2015-07-08
3165,317,152,2016-12-28
3166,317,66,2013-03-29
3167,317,396,2017-01-19
3168,317,298,2014-12-22
3169,317,68,2010-08-19
3170,317,203,2017-05-30
3171,318,55,2016-05-15
3172,318,70,2018-03-06
3173,318,88,2017-03-28
3174,318,227,2010-06-25
3175,318,395,2018-10-26
3176,318,41,2017-03-26
3177,318,243,2014-12-13
3178,318,357,2012-10-07
3179,318,89,2010-10-31
3180,318,268,2015-06-05
3181,319,224,2011-07-16
3182,319,46,2015-07-13
3183,319,73,2014-04-17
3184,319,122,2014-08-29
3185,319,115,2011-10-30
3186,319,82,2015-02-09
3187,319,185,2016-10-24
3188,319,125,2010-11-01
3189,319,202,2011-03-06
3190,319,348,2013-04-04
3191,320,193,2015-02-16
3192,320,272,2013-09-09
3193,320,111,2017-04-20
3194,320,11,2013-07-18
3195,320,143,2016-10-24
3196,320,212,2010-07-07
3197,320,370,2011-05-21
3198,320,11,2015-07-05
3199,320,45,2015-08-17
3200,320,133,2018-01-28
3201,321,27,2015-10-14
3202,321,64,2016-06-08
3203,321,216,2013-08-26
3204,321,212,2010-10-31
3205,321,328,2013-08-21
3206,321,273,2010-11-03
3207,321,214,2014-12-28
3208,321,115,2016-06-22
3209,321,199,2013-12-24
3210,321,374,2015-07-24
3211,322,383,2017-11-25
3212,322,262,2012-12-25
3213,322,231,2011-08-01
3214,322,36,2011-09-24
3215,322,321,2012-03-14
3216,322,271,2018-11-28
3217,322,283,2014-07-19
3218,322,185,2012-11-20
3219,322,255,2016-01-04
3220,322,317,2013-05-10
3221,323,269,2017-09-07
3222,323,162,2016-08-02
3223,323,238,2015-07-23
3224,323,61,2015-01-03
3225,323,144,2018-08-14
3226,323,284,2010-05-29
3227,323,314,2013-03-03
3228,323,268,2014-10-03
3229,323,322,2013-04-15
3230,323,178,2010-11-04
3231,324,382,2014-01-13
3232,324,259,2011-09-30
3233,324,140,2014-12-14
3234,324,257,2012-06-17
3235,324,246,2011-11-28
3236,324,252,2012-10-09
3237,324,269,2018-03-08
3238,324,85,2013-02-15
3239,324,23,2015-06-29
3240,324,5,2011-11-06
3241,325,347,2017-05-17
3242,325,378,2011-05-04
3243,325,230,2011-11-17
3244,325,60,2016-09-26
3245,325,206,2011-09-26
3246,325,201,2010-07-19
3247,325,206,2015-09-01
3248,325,79,2010-03-25
3249,325,180,2016-06-18
3250,325,304,2015-01-26
3251,326,354,2011-12-19
3252,326,253,2017-03-29
3253,326,291,2015-04-05
3254,326,12,2011-03-30
3255,326,96,2011-11-23
3256,326,8,2013-02-06
3257,326,143,2013-06-27
3258,326,186,2018-11-30
3259,326,270,2010-01-29
3260,326,191,2018-11-16
3261,327,296,2015-01-05
3262,327,111,2014-11-29
3263,327,301,2018-08-08
3264,327,136,2011-05-04
3265,327,257,2015-12-12
3266,327,121,2011-02-23
3267,327,259,2014-03-25
3268,327,197,2014-10-24
3269,327,222,2015-03-08
3270,327,329,2010-03-25
3271,328,113,2013-05-26
3272,328,276,2012-11-06
3273,328,326,2013-09-30
3274,328,217,2010-03-15
3275,328,321,2011-09-05
3276,328,317,2012-05-28
3277,328,232,2013-05-17
3278,328,241,2018-10-04
3279,328,40,2011-11-18
3280,328,213,2015-10-01
3281,329,304,2018-05-06
3282,329,132,2018-03-30
3283,329,350,2014-11-30
3284,329,161,2013-03-24
3285,329,276,2016-12-26
3286,329,372,2014-05-08
3287,329,359,2016-03-03
3288,329,166,2013-09-07
3289,329,306,2016-05-31
3290,329,395,2017-07-29
3291,330,343,2013-04-14
3292,330,295,2016-10-30
3293,330,295,2016-07-11
3294,330,333,2011-09-05
3295,330,279,2015-06-26
3296,330,377,2012-06-23
3297,330,4,2010-06-24
3298,330,258,2013-11-08
3299,330,269,2015-02-02
3300,330,20,2011-10-01
3301,331,311,2017-05-30
3302,331,275,2014-02-24
3303,331,25,2013-08-13
3304,331,199,2011-06-01
3305,331,293,2017-08-10
3306,331,26,2014-11-27
3307,331,262,2016-12-06
3308,331,308,2014-01-05
3309,331,398,2013-07-20
3310,331,62,2015-06-26
3311,332,159,2012-06-12
3312,332,309,2015-06-09
3313,332,123,2015-09-19
3314,332,266,2015-05-31
3315,332,46,2016-05-05
3316,332,195,2010-03-13
3317,332,309,2011-03-31
3318,332,272,2016-08-06
3319,332,213,2014-07-08
3320,332,365,2012-02-27
3321,333,219,2011-09-09
3322,333,42,2012-01-07
3323,333,175,2015-02-01
3324,333,383,2018-10-31
3325,333,178,2017-07-30
3326,333,302,2015-03-05
3327,333,348,2013-07-10
3328,333,258,2012-10-06
3329,333,341,2017-05-25
3330,333,285,2010-08-10
3331,334,68,2017-03-26
3332,334,292,2018-01-24
3333,334,339,2012-03-25
3334,334,278,2013-09-01
3335,334,125,2010-04-11
3336,334,44,2010-11-10
3337,334,143,2010-07-01
3338,334,303,2016-08-29
3339,334,365,2011-12-12
3340,334,42,2017-10-18
3341,335,356,2016-06-03
3342,335,99,2013-10-23
3343,335,128,2010-05-09
3344,335,280,2016-07-16
3345,335,390,2014-07-13
3346,335,246,2010-06-10
3347,335,326,2017-10-29
3348,335,114,2012-05-24
3349,335,121,2012-09-17
3350,335,334,2018-04-21
3351,336,294,2010-04-01
3352,336,223,2014-09-03
3353,336,208,2018-08-20
3354,336,240,2013-09-06
3355,336,87,2010-07-15
3356,336,68,2011-07-31
3357,336,341,2016-07-18
3358,336,199,2013-12-07
3359,336,241,2015-08-26
3360,336,49,2018-08-14
3361,337,183,2010-10-06
3362,337,174,2013-02-12
3363,337,181,2016-07-05
3364,337,300,2014-06-16
3365,337,263,2012-01-08
3366,337,299,2015-09-17
3367,337,323,2016-12-22
3368,337,77,2018-06-11
3369,337,194,2014-12-09
3370,337,100,2012-06-02
3371,338,43,2015-05-20
3372,338,166,2018-08-04
3373,338,47,2018-05-10
3374,338,163,2013-01-20
3375,338,236,2014-08-22
3376,338,12,2014-07-04
3377,338,248,2010-09-23
3378,338,275,2012-02-15
3379,338,201,2015-04-13
3380,338,65,2011-03-18
3381,339,386,2014-03-07
3382,339,379,2013-03-25
3383,339,67,2013-08-15
3384,339,208,2014-02-02
3385,339,233,2012-06-22
3386,339,329,2013-09-06
3387,339,137,2015-09-17
3388,339,366,2014-07-20
3389,339,112,2013-08-06
3390,339,36,2014-08-21
3391,340,105,2012-04-17
3392,340,307,2017-10-19
3393,340,326,2013-08-09
3394,340,280,2014-12-23
3395,340,80,2016-04-11
3396,340,23,2012-01-15
3397,340,364,2013-08-04
3398,340,340,2017-08-13
3399,340,337,2013-02-23
3400,340,301,2011-06-23
3401,341,387,2013-08-02
3402,341,52,2016-08-23
3403,341,290,2018-04-10
3404,341,291,2012-06-08
3405,341,150,2014-05-07
3406,341,187,2010-04-27
3407,341,257,2010-11-11
3408,341,36,2010-09-22
3409,341,260,2011-04-12
3410,341,289,2018-03-13
3411,342,29,2017-09-14
3412,342,136,2016-09-01
3413,342,246,2011-02-18
3414,342,76,2012-12-24
3415,342,111,2011-03-04
3416,342,347,2013-10-07
3417,342,58,2012-12-29
3418,342,303,2016-01-22
3419,342,225,2016-06-09
3420,342,381,2014-01-25
3421,343,303,2012-10-19
3422,343,94,2016-03-25
3423,343,18,2012-01-16
3424,343,47,2017-01-14
3425,343,97,2015-08-04
3426,343,371,2012-01-25
3427,343,343,2012-02-11
3428,343,335,2017-05-27
3429,343,178,2018-04-06
3430,343,366,2010-04-11
3431,344,309,2015-01-27
3432,344,359,2017-12-04
3433,344,376,2013-04-25
3434,344,20,2010-06-07
3435,344,171,2010-12-23
3436,344,197,2018-02-01
3437,344,138,2010-03-06
3438,344,188,2018-09-20
3439,344,70,2017-10-23
3440,344,197,2011-08-09
3441,345,250,2016-10-10
3442,345,370,2013-05-25
3443,345,28,2014-05-18
3444,345,213,2017-09-05
3445,345,97,2015-01-20
3446,345,354,2018-04-27
3447,345,97,2018-07-29
3448,345,338,2013-12-14
3449,345,191,2011-01-15
3450,345,255,2017-06-24
3451,346,149,2013-06-28
3452,346,354,2015-01-16
3453,346,248,2016-05-22
3454,346,299,2014-05-18
3455,346,383,2012-09-22
3456,346,212,2010-08-11
3457,346,207,2010-09-22
3458,346,202,2017-03-20
3459,346,399,2015-06-10
3460,346,311,2012-12-13
3461,347,305,2012-06-23
3462,347,309,2010-12-27
3463,347,163,2015-08-30
3464,347,253,2015-06-06
3465,347,84,2010-05-30
3466,347,128,2017-09-11
3467,347,19,2015-03-08
3468,347,362,2010-10-06
3469,347,204,2016-12-04
3470,347,96,2018-02-15
3471,348,207,2011-10-15
3472,348,198,2014-12-06
3473,348,99,2018-04-13
3474,348,95,2017-11-11
3475,348,134,2010-05-16
3476,348,13,2016-07-15
3477,348,72,2010-02-28
3478,348,12,2016-11-07
3479,348,220,2015-03-26
3480,348,183,2014-02-06
3481,349,116,2015-03-26
3482,349,206,2013-05-10
3483,349,280,2012-06-05
3484,349,299,2015-09-21
3485,349,92,2016-03-25
3486,349,108,2015-02-11
3487,349,350,2013-07-11
3488,349,10,2017-12-19
3489,349,284,2014-10-31
3490,349,176,2017-09-01
3491,350,138,2018-10-21
3492,350,89,2011-08-01
3493,350,89,2015-01-19
3494,350,187,2016-07-24
3495,350,268,2012-03-20
3496,350,206,2014-10-10
3497,350,138,2015-07-08
3498,350,61,2011-12-19
3499,350,163,2014-06-16
3500,350,94,2011-08-04
3501,351,161,2016-01-30
3502,351,183,2016-06-20
3503,351,35,2013-11-13
3504,351,340,2011-10-27
3505,351,388,2017-03-06
3506,351,12,2011-06-27
3507,351,26,2011-08-29
3508,351,131,2017-02-15
3509,351,328,2017-01-27
3510,351,314,2010-10-08
3511,352,378,2016-03-19
3512,352,352,2017-01-27
3513,352,373,2014-01-22
3514,352,1,2015-02-09
3515,352,262,2013-10-19
3516,352,131,2018-07-23
3517,352,294,2015-04-26
3518,352,209,2011-12-22
3519,352,122,2016-08-18
3520,352,147,2016-12-30
3521,353,177,2010-03-17
3522,353,357,2012-11-26
3523,353,337,2011-10-15
3524,353,264,2010-07-13
3525,353,78,2013-08-13
3526,353,63,2012-12-04
3527,353,113,2016-04-07
3528,353,33,2016-11-25
3529,353,138,2015-09-22
3530,353,299,2012-02-07
3531,354,157,2018-07-13
3532,354,1,2012-02-17
3533,354,117,2016-05-17
3534,354,217,2018-05-26
3535,354,64,2011-10-05
3536,354,150,2015-04-17
3537,354,184,2013-07-20
3538,354,6,2017-07-09
3539,354,148,2012-09-01
3540,354,394,2014-05-15
3541,355,75,2013-12-28
3542,355,356,2011-04-08
3543,355,168,2010-08-05
3544,355,50,2012-10-23
3545,355,212,2013-09-16
3546,355,32,2011-06-25
3547,355,206,2016-07-25
3548,355,304,2014-10-23
3549,355,61,2016-03-28
3550,355,304,2015-09-02
3551,356,313,2015-03-27
3552,356,53,2013-07-02
3553,356,172,2014-02-16
3554,356,206,2017-08-29
3555,356,394,2017-03-22
3556,356,49,2012-04-09
3557,356,204,2013-01-06
3558,356,193,2017-10-14
3559,356,253,2016-04-26
3560,356,166,2011-09-22
3561,357,207,2015-11-06
3562,357,297,2017-11-16
3563,357,315,2018-06-02
3564,357,249,2010-02-02
3565,357,97,2013-04-27
3566,357,39,2015-06-06
3567,357,369,2015-11-21
3568,357,341,2018-10-11
3569,357,387,2015-11-26
3570,357,306,2015-06-25
3571,358,139,2010-09-06
3572,358,62,2010-07-25
3573,358,100,2012-05-19
3574,358,58,2011-09-05
3575,358,337,2011-03-13
3576,358,373,2014-07-25
3577,358,72,2015-08-06
3578,358,297,2010-01-23
3579,358,159,2011-12-02
3580,358,61,2012-07-22
3581,359,42,2015-11-21
3582,359,266,2010-08-18
3583,359,148,2011-04-07
3584,359,136,2010-01-14
3585,359,267,2011-12-18
3586,359,297,2017-07-15
3587,359,6,2010-09-21
3588,359,281,2017-03-10
3589,359,20,2014-06-08
3590,359,309,2016-09-29
3591,360,161,2010-12-01
3592,360,309,2011-04-20
3593,360,252,2011-07-08
3594,360,94,2016-08-06
3595,360,220,2011-04-12
3596,360,356,2011-10-02
3597,360,125,2012-02-10
3598,360,134,2014-09-04
3599,360,172,2012-08-25
3600,360,224,2013-10-23
3601,361,147,2015-09-30
3602,361,99,2012-06-01
3603,361,246,2010-10-31
3604,361,50,2014-12-12
3605,361,112,2014-08-17
3606,361,291,2017-08-18
3607,361,88,2011-04-06
3608,361,42,2017-11-11
3609,361,313,2016-02-11
3610,361,125,2013-07-15
3611,362,233,2014-11-29
3612,362,257,2014-01-12
3613,362,390,2017-02-07
3614,362,219,2012-09-16
3615,362,356,2018-01-07
3616,362,254,2010-01-10
3617,362,171,2018-08-01
3618,362,47,2010-08-07
3619,362,239,2011-08-05
3620,362,123,2014-11-10
3621,363,351,2016-04-23
3622,363,163,2018-02-05
3623,363,24,2011-12-06
3624,363,119,2011-07-04
3625,363,361,2017-10-18
3626,363,154,2018-01-05
3627,363,299,2011-07-21
3628,363,59,2015-01-01
3629,363,265,2018-03-27
3630,363,400,2012-11-29
3631,364,163,2012-02-27
3632,364,289,2013-10-04
3633,364,52,2017-12-24
3634,364,361,2011-10-22
3635,364,237,2017-03-02
3636,364,297,2012-12-28
3637,364,75,2017-04-04
3638,364,301,2012-11-14
3639,364,206,2018-04-15
3640,364,106,2010-09-28
3641,365,321,2015-02-22
3642,365,209,2013-09-17
3643,365,286,2012-09-14
3644,365,353,2014-07-02
3645,365,24,2013-05-28
3646,365,119,2015-06-05
3647,365,284,2011-06-05
3648,365,319,2015-07-03
3649,365,2,2016-01-26
3650,365,184,2012-09-01
3651,366,81,2011-01-12
3652,366,88,2018-05-06
3653,366,102,2010-07-08
3654,366,56,2011-11-06
3655,366,336,2018-08-27
3656,366,341,2010-07-24
3657,366,385,2017-05-12
3658,366,370,2011-10-05
3659,366,397,2016-08-01
3660,366,4,2011-02-25
3661,367,209,2013-06-16
3662,367,286,2011-07-24
3663,367,95,2012-09-30
3664,367,154,2011-06-14
3665,367,80,2018-05-21
3666,367,343,2016-02-13
3667,367,188,2012-08-07
3668,367,248,2012-10-14
3669,367,311,2015-02-11
3670,367,194,2016-10-13
3671,368,2,2015-09-04
3672,368,279,2016-04-22
3673,368,230,2014-01-28
3674,368,155,2011-08-10
3675,368,29,2010-03-25
3676,368,379,2015-07-17
3677,368,312,2011-02-08
3678,368,153,2017-06-26
3679,368,246,2015-08-21
3680,368,344,2013-10-06
3681,369,139,2010-03-20
3682,369,112,2013-11-29
3683,369,8,2011-03-16
3684,369,333,2016-07-13
3685,369,259,2012-02-24
3686,369,204,2011-12-06
3687,369,213,2013-09-23
3688,369,329,2016-08-08
3689,369,332,2014-01-04
3690,369,283,2017-05-27
3691,370,260,2013-01-02
3692,370,174,2017-05-11
3693,370,317,2010-09-17
3694,370,142,2018-01-11
3695,370,369,2011-08-30
3696,370,41,2016-01-20
3697,370,210,2010-05-23
3698,370,341,2016-04-06
3699,370,196,2013-04-02
3700,370,234,2018-02-04
3701,371,219,2011-01-23
3702,371,345,2010-01-11
3703,371,218,2017-03-26
3704,371,245,2017-09-22
3705,371,271,2013-08-24
3706,371,41,2013-07-27
3707,371,167,2018-05-31
3708,371,56,2011-10-23
3709,371,250,2018-09-27
3710,371,225,2010-06-30
3711,372,108,2018-09-28
3712,372,109,2015-11-19
3713,372,50,2017-12-15
3714,372,43,2011-05-26
3715,372,84,2010-04-24
3716,372,322,2013-09-08
3717,372,272,2014-09-15
3718,372,121,2013-11-10
3719,372,140,2011-08-22
3720,372,21,2015-06-04
3721,373,80,2015-06-06
3722,373,99,2016-05-25
3723,373,55,2018-07-13
3724,373,240,2014-11-24
3725,373,71,2014-07-15
3726,373,299,2015-04-17
3727,373,234,2010-04-07
3728,373,140,2017-11-03
3729,373,65,2013-08-20
3730,373,188,2014-02-17
3731,374,275,2015-04-16
3732,374,267,2011-04-18
3733,374,56,2013-04-28
3734,374,95,2011-12-21
3735,374,149,2012-03-28
3736,374,33,2010-11-03
3737,374,120,2011-10-14
3738,374,106,2015-06-08
3739,374,145,2018-09-23
3740,374,305,2015-01-13
3741,375,50,2016-01-18
3742,375,320,2011-07-18
3743,375,336,2015-07-21
3744,375,36,2011-10-11
3745,375,112,2012-09-01
3746,375,262,2012-06-19
3747,375,143,2015-06-29
3748,375,75,2013-10-27
3749,375,143,2010-08-24
3750,375,105,2011-03-23
3751,376,72,2017-08-22
3752,376,250,2010-10-25
3753,376,322,2018-03-27
3754,376,5,2010-02-16
3755,376,189,2012-04-14
3756,376,112,2013-07-07
3757,376,129,2013-08-15
3758,376,147,2015-11-14
3759,376,170,2015-08-29
3760,376,49,2011-08-20
3761,377,196,2015-03-11
3762,377,367,2012-11-03
3763,377,159,2018-06-25
3764,377,199,2013-08-21
3765,377,393,2017-01-16
3766,377,245,2017-03-01
3767,377,201,2011-06-06
3768,377,38,2013-08-08
3769,377,243,2017-07-29
3770,377,12,2016-12-15
3771,378,193,2016-04-25
3772,378,380,2016-12-09
3773,378,267,2014-08-01
3774,378,261,2014-02-21
3775,378,142,2013-07-20
3776,378,344,2013-06-16
3777,378,138,2016-01-10
3778,378,257,2010-07-03
3779,378,384,2018-07-16
3780,378,374,2010-01-02
3781,379,258,2013-11-29
3782,379,319,2010-01-08
3783,379,97,2015-07-15
3784,379,183,2018-09-02
3785,379,126,2018-07-15
3786,379,321,2017-10-03
3787,379,14,2012-01-23
3788,379,365,2013-12-08
3789,379,159,2018-06-14
3790,379,227,2012-05-20
3791,380,362,2010-04-30
3792,380,246,2013-02-21
3793,380,284,2018-11-26
3794,380,237,2018-05-12
3795,380,212,2017-02-09
3796,380,63,2017-01-03
3797,380,56,2013-03-13
3798,380,265,2016-09-28
3799,380,378,2011-11-06
3800,380,38,2013-11-03
3801,381,333,2015-11-06
3802,381,257,2011-11-21
3803,381,189,2014-03-20
3804,381,21,2016-06-03
3805,381,146,2012-02-23
3806,381,72,2017-05-29
3807,381,388,2018-09-11
3808,381,174,2015-02-04
3809,381,366,2011-01-16
3810,381,108,2016-09-18
3811,382,178,2016-03-17
3812,382,344,2015-04-16
3813,382,64,2010-08-09
3814,382,391,2017-02-16
3815,382,357,2017-09-05
3816,382,342,2017-04-12
3817,382,90,2010-11-08
3818,382,172,2011-01-15
3819,382,161,2015-08-22
3820,382,321,2018-10-29
3821,383,290,2010-05-28
3822,383,317,2012-06-04
3823,383,87,2016-01-18
3824,383,137,2014-01-31
3825,383,321,2015-10-11
3826,383,199,2017-12-22
3827,383,101,2010-12-01
3828,383,370,2015-04-04
3829,383,312,2014-11-21
3830,383,250,2017-05-09
3831,384,145,2010-07-31
3832,384,97,2010-10-22
3833,384,102,2014-01-27
3834,384,38,2013-01-08
3835,384,317,2015-06-28
3836,384,119,2012-04-12
3837,384,141,2011-01-06
3838,384,253,2017-05-28
3839,384,179,2015-10-20
3840,384,395,2014-11-18
3841,385,131,2016-03-24
3842,385,30,2016-11-19
3843,385,326,2016-07-27
3844,385,277,2017-01-06
3845,385,220,2018-04-10
3846,385,179,2010-04-21
3847,385,234,2011-01-19
3848,385,161,2015-09-25
3849,385,106,2012-04-26
3850,385,83,2014-02-09
3851,386,366,2011-06-11
3852,386,25,2018-10-29
3853,386,77,2015-07-30
3854,386,93,2011-03-10
3855,386,187,2010-08-22
3856,386,188,2016-11-29
3857,386,148,2014-11-29
3858,386,226,2017-05-07
3859,386,277,2012-12-15
3860,386,42,2010-03-26
3861,387,142,2013-03-09
3862,387,145,2015-08-27
3863,387,328,2018-02-01
3864,387,146,2013-06-20
3865,387,162,2017-12-20
3866,387,245,2018-08-05
3867,387,120,2014-12-06
3868,387,30,2011-02-15
3869,387,256,2018-03-03
3870,387,383,2012-11-03
3871,388,181,2017-10-21
3872,388,114,2012-01-25
3873,388,280,2012-06-22
3874,388,124,2014-07-19
3875,388,84,2014-07-17
3876,388,25,2014-02-21
3877,388,265,2012-05-09
3878,388,46,2010-06-19
3879,388,12,2012-09-30
3880,388,229,2018-08-10
3881,389,232,2011-12-28
3882,389,251,2013-05-30
3883,389,77,2018-03-16
3884,389,121,2012-10-26
3885,389,327,2011-10-25
3886,389,233,2018-06-26
3887,389,396,2017-04-18
3888,389,137,2012-02-16
3889,389,174,2017-12-29
3890,389,357,2011-08-19
3891,390,245,2014-01-08
3892,390,227,2018-10-15
3893,390,44,2016-10-18
3894,390,80,2011-06-11
3895,390,396,2018-03-13
3896,390,173,2015-09-17
3897,390,166,2011-08-19
3898,390,311,2013-02-10
3899,390,255,2010-04-23
3900,390,207,2013-06-06
3901,391,147,2016-04-06
3902,391,198,2012-02-13
3903,391,150,2014-11-18
3904,391,177,2012-11-11
3905,391,302,2017-11-27
3906,391,38,2011-02-21
3907,391,367,2017-01-20
3908,391,114,2014-08-08
3909,391,363,2016-03-17
3910,391,166,2010-03-06
3911,392,178,2014-08-18
3912,392,319,2015-12-20
3913,392,38,2017-06-24
3914,392,349,2017-07-06
3915,392,325,2011-06-05
3916,392,296,2017-11-28
3917,392,278,2014-05-24
3918,392,236,2013-10-03
3919,392,214,2017-03-23
3920,392,139,2016-09-08
3921,393,168,2014-09-24
3922,393,323,2018-01-25
3923,393,128,2017-11-16
3924,393,394,2013-08-27
3925,393,362,2012-08-01
3926,393,93,2016-06-21
3927,393,130,2017-11-27
3928,393,217,2010-12-22
3929,393,277,2010-05-01
3930,393,31,2012-03-17
3931,394,320,2016-03-22
3932,394,148,2016-12-21
3933,394,261,2015-10-14
3934,394,123,2014-01-07
3935,394,397,2018-06-22
3936,394,32,2011-09-26
3937,394,228,2018-05-26
3938,394,318,2011-05-31
3939,394,153,2015-09-15
3940,394,149,2014-12-31
3941,395,12,2011-12-15
3942,395,386,2015-10-17
3943,395,56,2010-05-14
3944,395,103,2011-03-01
3945,395,296,2016-03-25
3946,395,140,2012-09-07
3947,395,60,2016-06-04
3948,395,63,2011-11-23
3949,395,287,2015-11-30
3950,395,22,2017-06-26
3951,396,141,2018-04-28
3952,396,399,2017-04-15
3953,396,270,2014-05-14
3954,396,100,2015-08-02
3955,396,158,2015-08-05
3956,396,28,2018-08-23
3957,396,33,2014-03-05
3958,396,325,2012-10-26
3959,396,227,2011-11-23
3960,396,350,2012-08-28
3961,397,380,2018-12-27
3962,397,133,2017-05-21
3963,397,179,2010-05-31
3964,397,17,2018-07-16
3965,397,45,2012-08-28
3966,397,173,2012-02-04
3967,397,217,2018-12-21
3968,397,298,2018-12-30
3969,397,368,2015-09-19
3970,397,319,2018-03-08
3971,398,292,2010-02-05
3972,398,283,2018-05-21
3973,398,157,2017-10-13
3974,398,44,2011-01-10
3975,398,58,2016-12-09
3976,398,309,2016-06-25
3977,398,304,2014-03-01
3978,398,385,2011-12-16
3979,398,165,2015-07-18
3980,398,124,2012-08-19
3981,399,119,2018-11-08
3982,399,285,2013-10-17
3983,399,128,2016-10-08
3984,399,121,2018-10-05
3985,399,391,2015-04-16
3986,399,293,2017-06-13
3987,399,359,2017-08-22
3988,399,373,2015-08-01
3989,399,215,2016-03-01
3990,399,361,2011-03-24
3991,400,8,2015-02-15
3992,400,350,2018-05-13
3993,400,301,2013-01-29
3994,400,205,2010-10-03
3995,400,27,2012-09-27
3996,400,321,2014-01-24
3997,400,269,2012-09-05
3998,400,35,2016-07-10
3999,400,224,2010-12-20
4000,400,359,2018-12-30
